gs_name,gs_size,nDE,wilkinson_p,FDR,fry,camera,gsea,goseq
GO_CYTOSOLIC_PART,206,30,7.173398476837406e-14,5.3460384811678425e-11,1.4118980880952917e-6,0.1347262891771577,2.6175269605276935e-5,4.424398181935034e-7
GO_COPI_VESICLE_COAT,14,0,2.1674130108702423e-5,0.002622866649044893,1.1414472236635943e-4,0.2525267602223872,0.0026902957190135584,NA
GO_COPI_COATED_VESICLE_MEMBRANE,18,0,4.853743221944564e-5,0.004466454960693571,6.153644115000365e-5,0.2397097088756029,0.00402774187990006,NA
GO_HETEROCHROMATIN,66,7,5.317905106953544e-5,0.004724153250356745,0.007170998020637377,0.6553785044516491,0.006428093409883414,0.023832587317716758
GO_PROTEASOME_ACTIVATING_ATPASE_ACTIVITY,7,0,7.186405018309264e-5,0.005670512519467164,2.8568632201547695e-6,0.1708242634019108,0.004902369826435247,NA
GO_ELECTRON_TRANSPORT_CHAIN,153,14,1.757448752486993e-4,0.009787545239759894,3.329878209961088e-6,0.14156318890546615,2.494387627837366e-5,0.035606231693740095
GO_L_ORNITHINE_TRANSMEMBRANE_TRANSPORTER_ACTIVITY,5,2,2.5457062773990923e-4,0.012705519352849482,1.3387204801231183e-5,0.134281570863852,0.04033634176928928,0.0037598924241146487
GO_ALPHA_LINOLENIC_ACID_METABOLIC_PROCESS,12,0,8.177108918442596e-4,0.028779514018136214,4.890361068849215e-4,0.2897194781915499,0.016601832366133114,NA
GO_CEREBELLAR_GRANULAR_LAYER_FORMATION,6,0,8.764061323742942e-4,0.03000841772633533,0.003101814248934207,0.5573673642652981,0.017190759483890906,NA
GO_CAJAL_BODY,49,0,0.001187052137726174,0.03661235407754695,0.020025937077321167,0.7368394479331335,0.005206383168405099,NA
GO_SUCCINATE_DEHYDROGENASE_ACTIVITY,5,2,0.0012000544737753769,0.03661235407754695,6.5330612516584e-8,0.06812489968911609,0.004461256964289386,0.07559924801131235
GO_RESPONSE_TO_CORTICOTROPIN_RELEASING_HORMONE,5,1,0.001706576014279806,0.04540931478960183,0.001606463115924417,0.43057477181755766,0.005304167266297979,0.07678476046630826
GO_AMACRINE_CELL_DIFFERENTIATION,7,1,0.0018782917900604615,0.048234969980796856,0.0028802625934092104,0.6218096268182892,0.02047362052739739,0.0793319127699716
GO_INTRACELLULAR_CAMP_ACTIVATED_CATION_CHANNEL_ACTIVITY,7,0,0.0019298956830987109,0.04862797480536673,2.6427483274927997e-6,0.15268216493795284,0.025582422647742332,NA
HALLMARK_ADIPOGENESIS,186,13,0.0019423073603816198,0.02427884200477025,0.005913605471114095,0.4906117815730896,2.5739363208154232e-5,0.0802425500591659
GO_NEGATIVE_REGULATION_OF_CATECHOLAMINE_SECRETION,15,2,0.0031650829613050473,0.06583974894099848,0.09479485797605217,0.7122348174966262,0.05943622208914364,0.04373036310854045
GO_RESPONSE_TO_CHEMOKINE,28,2,0.0031701480900876004,0.06583974894099848,0.03403750562294659,0.6485075654049103,0.075552324941078,0.09484672215744001
GO_POSITIVE_REGULATION_OF_INTERLEUKIN_2_PRODUCTION,20,2,0.003288786483411439,0.06736910956050411,6.95655964946937e-4,0.504115766865898,0.050743770918557085,0.0960464547661632
GO_REGULATION_OF_MACROPHAGE_CHEMOTAXIS,13,3,0.0042059995241452595,0.078887048399786025,0.0010263591743382673,0.47199357299741473,0.10449224996268895,0.050425443961103204
GO_ATP_BIOSYNTHETIC_PROCESS,40,4,0.004586603882399649,0.08251682316878287,3.5308068381889734e-7,0.10764570992563681,2.2518972234107234e-5,0.16900159544523866
GO_ISWI_TYPE_COMPLEX,10,3,0.004782991537394611,0.08298021396619146,0.00515294162231525,0.798641217884234,0.10920705931416223,0.03411777629100696
GO_REGULATION_OF_CHROMATIN_ASSEMBLY_OR_DISASSEMBLY,10,0,0.005334855142851139,0.08854338608070636,0.0013859402034857432,0.4693034258454343,0.04278429662767994,NA
GO_AMYLOID_FIBRIL_FORMATION,15,2,0.0054275633860045545,0.08945353535814222,2.572388926491012e-4,0.3543277205527564,0.055137308580716915,0.11405841615906273
GO_FATTY_ACID_ALPHA_OXIDATION,7,0,0.0057530601747372715,0.09299163295672466,0.007024313443891103,0.36289222880326244,0.04445510680907877,NA
GO_CHAPERONE_MEDIATED_PROTEIN_COMPLEX_ASSEMBLY,17,0,0.0061809578191907265,0.09669355020261342,0.04610482139078365,0.691872103620451,0.02424203384007558,NA
GO_L_LYSINE_TRANSPORT,6,1,0.006325359196570512,0.09734882080575592,2.2274765223137446e-4,0.2745620984598096,0.05450964130209413,0.12023263402985643
GO_L_LYSINE_TRANSMEMBRANE_TRANSPORTER_ACTIVITY,6,1,0.006325359196570512,0.09734882080575592,2.2274765223137446e-4,0.2745620984598096,0.05450964130209413,0.12023263402985643
GO_GABA_RECEPTOR_COMPLEX,17,2,0.007247917581758385,0.10548287301030242,3.389796692310166e-4,0.48790071852358674,0.1260153471832304,0.02260810171442263
GO_REGULATION_OF_PEPTIDYL_TYROSINE_AUTOPHOSPHORYLATION,4,0,0.007324292964396049,0.10595157608163042,0.0036643775179175213,0.3376143548998744,0.050260036590128884,NA
GO_CONDENSED_NUCLEAR_CHROMOSOME,56,5,0.007770639832852932,0.10952949571362765,0.1290841917964015,0.8348371113024313,0.04454089437546693,0.0228099183768377
GO_IODIDE_TRANSPORT,3,1,0.007829539479989149,0.11013718434112124,4.847273487278736e-5,0.5471724265158935,0.11888825402007999,0.12942160235047193
GO_N_TERMINAL_PEPTIDYL_METHIONINE_ACETYLATION,7,0,0.0088696809212259,0.11853972958866808,0.005694583844467927,0.5478829578916528,0.05540720961281709,NA
GO_OXYGEN_TRANSPORT,7,0,0.008909278922293908,0.11874772782193704,1.969609152435652e-6,0.055533173684063915,0.11855390520694259,NA
GO_REGULATION_OF_CILIUM_ASSEMBLY,45,0,0.009330077089606897,0.12067628259090385,0.0010518314704356158,0.472607753974536,0.05685553015147185,NA
GO_NOTCH_SIGNALING_INVOLVED_IN_HEART_DEVELOPMENT,9,1,0.01039841628267098,0.13002935754815573,0.032198906634839035,0.48838868129646273,0.13213706535245678,0.14279083983995516
GO_REGULATION_OF_BLOOD_VOLUME_BY_RENIN_ANGIOTENSIN,4,1,0.010440091105712842,0.13002935754815573,0.02440009953417879,0.581865590302779,0.14298929019261208,0.029298096114790558
GO_CYCLOOXYGENASE_PATHWAY,6,1,0.01320645664716827,0.15055030736006678,3.1385862979240916e-5,0.2669032437072924,0.023636740617872694,0.15517451837597818
GO_ION_TRANSPORT,1184,41,0.013219753554282492,0.15055030736006678,0.15522897154736176,0.6892691222357639,4.191466174867969e-5,0.07778765416361035
GO_CLATHRIN_COATED_ENDOCYTIC_VESICLE_MEMBRANE,28,0,0.013580472607223042,0.15302282527067393,0.06888183319215459,0.6705558380443615,0.006343752065023459,NA
GO_ARGININE_TRANSPORT,10,1,0.014305489803509909,0.1571824588609534,0.012874558573771018,0.5077746430525008,0.07483756269973968,0.1595632270136239
GO_REGULATION_OF_OXIDATIVE_PHOSPHORYLATION,19,0,0.014577873095060706,0.15898880360711887,0.0042242118743369295,0.402120383525165,0.07143011332973556,NA
KEGG_PROTEASOME,42,2,0.017065370351325444,0.09919246516707915,3.592861050413745e-6,0.16971817959914823,2.244265900623906e-5,0.7580190318924064
GO_PEPTIDYL_ASPARTIC_ACID_MODIFICATION,5,0,0.01764155761709322,0.17959318141409028,2.040826431801944e-4,0.2133162833489691,0.0787812750560227,NA
GO_VASOPRESSIN_RECEPTOR_ACTIVITY,6,1,0.01826238274861318,0.18291370657737963,0.0027345349061152022,0.47073498456517293,0.1738005099281465,0.07964661448878078
GO_FUCOSYLATION,12,0,0.018539660758215698,0.18506142727466382,0.006740486956321385,0.39357823974262585,0.08081967561592586,NA
GO_FAT_SOLUBLE_VITAMIN_BIOSYNTHETIC_PROCESS,9,2,0.019642189799462674,0.19194591226598812,0.0094319491997786609,0.44076773295161564,0.17830290010741137,0.015145267229912716
GO_REGULATION_OF_ORGANIC_ACID_TRANSPORT,46,3,0.02067361652391583,0.19894414855367368,0.0012579554427041197,0.4571129677689083,4.5436990253765594e-5,0.181540536450469
GO_SUMO_POLYMER_BINDING,5,0,0.021933598888267302,0.20374491333223277,2.4293989001476912e-5,0.20187385308636036,0.08813394334663681,NA
GO_POSITIVE_REGULATION_OF_COLLATERAL_SPROUTING,8,0,0.022237956054515617,0.20570691495873397,0.0023452587831029985,0.452257983386968,0.08876310272536687,NA
GO_ION_ANTIPORTER_ACTIVITY,42,2,0.02305278545257811,0.20973049092489707,0.12602460835463658,0.6403538622907802,0.005483594349415534,0.188641782812157
GO_NARROW_PORE_CHANNEL_ACTIVITY,12,1,0.023556462644913394,0.2132149498003739,0.013142978716329945,0.511604927771893,0.03413897923176668,0.19008572627332634
GO_CORTICOTROPIN_SECRETION,6,0,0.024145663969738496,0.2172126227175864,3.223185837508174e-5,0.24235782786143398,0.09261870205266431,NA
GO_REGULATION_OF_PHOSPHOPROTEIN_PHOSPHATASE_ACTIVITY,104,6,0.02513411394417058,0.22240044195397182,0.0492038265361396,0.7307676702054908,0.146356504162527,0.19448786504749255
GO_REGULATION_OF_TYPE_B_PANCREATIC_CELL_PROLIFERATION,9,2,0.025276991627450226,0.22259761092475724,0.00334573311736739,0.4683798606376698,0.1948779511804722,0.03739437264730782
GO_POSITIVE_REGULATION_OF_ORGANIC_ACID_TRANSPORT,26,2,0.025551247741002064,0.22392829617461532,2.1597219562711651e-4,0.3239262851683007,0.0028010591504912794,0.1956229062054361
KEGG_EPITHELIAL_CELL_SIGNALING_IN_HELICOBACTER_PYLORI_INFECTION,60,0,0.027009074888550498,0.13575638575806837,0.09814971422510016,0.6500928652180689,0.0022989562738516714,NA
GO_HYDROGEN_PEROXIDE_METABOLIC_PROCESS,7,1,0.027876406843583928,0.23475708108314625,0.009110942275614913,0.5433059261786715,3.5463951935914555e-4,0.20174808484292023
GO_HISTONE_H4_K20_TRIMETHYLATION,6,0,0.033786553718680536,0.2617563508824419,0.001484921225542703,0.42172705072309125,0.11025264621803291,NA
GO_REGULATION_OF_MITOTIC_SPINDLE_ASSEMBLY,18,2,0.033989134028206615,0.26223581659840806,0.0018366194909261921,0.5716655360725231,9.706200769029754e-4,0.21647455791259523
GO_ASPARTATE_TRANSMEMBRANE_TRANSPORT,8,0,0.03528138659480024,0.26810953814566424,5.026861503453207e-4,0.2447108049768431,0.11276729559748427,NA
GO_TRANSFORMING_GROWTH_FACTOR_BETA1_PRODUCTION,6,1,0.035919289313082005,0.27161692262795784,0.002154572267762921,0.6024135922819699,0.013642960812772133,0.22078117118270427
GO_MEMBRANE_PROTEIN_ECTODOMAIN_PROTEOLYSIS,32,2,0.03597371513184409,0.27161692262795784,0.04953103847734255,0.8307332912550127,0.09479415138658752,0.22090052566424548
GO_POLYADENYLATION_DEPENDENT_RNA_CATABOLIC_PROCESS,7,0,0.0413892090879794,0.29471941547896086,0.01094350832959755,0.6226811052057917,0.12257283884226093,NA
GO_TYPE_B_PANCREATIC_CELL_APOPTOTIC_PROCESS,9,1,0.04186597732456884,0.29634939397855864,2.2403209635380385e-4,0.4425250993219828,0.23322099731535956,0.11045710836357121
GO_NEGATIVE_REGULATION_OF_DEFENSE_RESPONSE_TO_BACTERIUM,5,0,0.0423752816298286,0.298281464476419,3.6926986029136644e-4,0.32611678432064445,0.12409284348594807,NA
GO_DIPEPTIDE_TRANSMEMBRANE_TRANSPORT,3,0,0.043499185514573734,0.30353223130785495,9.87549514437625e-4,0.3018110838080489,0.12580605664843686,NA
GO_LIPOPROTEIN_METABOLIC_PROCESS,12,3,0.04499379767487442,0.31077029605929685,0.0023396414873088707,0.4199369114339594,0.23933422613353741,9.275418904983774e-4
GO_REGULATION_OF_AMINO_ACID_TRANSMEMBRANE_TRANSPORT,8,0,0.04740721047345839,0.3194472138234412,8.733783601196726e-4,0.4012149319644932,0.13161425576519917,NA
GO_POSITIVE_REGULATION_OF_BIOMINERAL_TISSUE_DEVELOPMENT,33,0,0.04751276823476229,0.31974144030274326,0.062139031249551654,0.596457876222306,0.1317681094914877,NA
GO_REGULATION_OF_PHOSPHATASE_ACTIVITY,149,8,0.0481110558151106,0.32069625935526946,0.013615560618585505,0.6489166476007755,0.05267123172998041,0.24517560810145966
GO_HISTONE_H3_K9_ACETYLATION,9,1,0.04815911217860126,0.32069625935526946,3.2449040918645026e-5,0.24526384257749145,0.014908322385331583,0.26662622677028164
GO_RENAL_SYSTEM_PROCESS_INVOLVED_IN_REGULATION_OF_SYSTEMIC_ARTERIAL_BLOOD_PRESSURE,11,1,0.04858987135803743,0.32222758507687715,0.24605238074991687,0.7168106466302762,0.16333749920565993,0.10531348437834093
GO_NEGATIVE_REGULATION_OF_OSTEOCLAST_DEVELOPMENT,3,0,0.04913345350223686,0.32428831565790645,0.005288807143467905,0.37352473228724525,0.13411150110195086,NA
GO_HIGH_DENSITY_LIPOPROTEIN_PARTICLE_REMODELING,8,1,0.05558084673042999,0.34892469254455905,4.6512913421251024e-4,0.523085769007974,0.2583018867924528,0.11641987797110331
GO_ANAPHASE_PROMOTING_COMPLEX_DEPENDENT_CATABOLIC_PROCESS,68,3,0.056175676651968355,0.3504734730046652,4.167372265840481e-5,0.2593003781406831,2.3159942563342443e-5,0.6258680940811421
GO_REGULATION_OF_GOLGI_TO_PLASMA_MEMBRANE_PROTEIN_TRANSPORT,8,0,0.0581761872821188,0.35714276473261813,0.033785838410489676,0.5337030014823898,0.14660377358490567,NA
GO_AORTA_SMOOTH_MUSCLE_TISSUE_MORPHOGENESIS,2,0,0.06406965045232262,0.38037049199987766,6.179254147451217e-4,0.5903499340917311,0.15428911834789516,NA
GO_DNA_METABOLIC_PROCESS,629,29,0.06682278244043231,0.38999896103375836,0.27620058302925,0.9227118436383246,0.004931207498885806,0.1152547795661526
GO_LEUCINE_ZIPPER_DOMAIN_BINDING,10,0,0.06818848537853024,0.39330319172608125,1.1513886938788225e-4,0.30372677328430325,0.1594790817583834,NA
GO_REGULATION_OF_NEUTROPHIL_DEGRANULATION,5,0,0.07155987614922298,0.4025061976599126,0.051087057065673326,0.529176542948354,0.1636273925289365,NA
GO_NEUREXIN_FAMILY_PROTEIN_BINDING,9,0,0.0721256249744074,0.40346741378754364,3.312741143390261e-4,0.3734037064912872,0.1643152262904362,NA
GO_HEMOGLOBIN_BINDING,1,0,0.07271142393419204,0.40596611485396766,7.234307227069225e-7,0.16502500777498558,0.6140638102463762,NA
GO_INTRACELLULAR_LIGAND_GATED_ION_CHANNEL_ACTIVITY,26,0,0.07274670135995367,0.40596611485396766,4.1231928676480154e-4,0.41584258977036825,0.16506767332658134,NA
GO_POSITIVE_REGULATION_OF_ARACHIDONIC_ACID_SECRETION,5,1,0.0745704520937509,0.4117221086226222,3.549632898247505e-4,0.46729948871184224,0.12577866408996524,0.28751688247067403
GO_MEMBRANE_FISSION,9,0,0.07512148818223659,0.41263958744605556,0.092770488976921,0.5910087514194555,0.16791979949874686,NA
GO_RESPONSE_TO_INTERLEUKIN_3,5,1,0.07876247718309158,0.42140415836613465,2.3758167268980187e-5,0.4929766287311066,0.2933533438868444,0.16946388885224167
GO_REGULATION_OF_INTERLEUKIN_1_BIOSYNTHETIC_PROCESS,3,0,0.07893814836773927,0.42140415836613465,2.7364705583563355e-5,0.1724244489989318,0.5525010294319497,NA
GO_GTP_BIOSYNTHETIC_PROCESS,8,1,0.07980627018432321,0.42368304736076395,0.004058057991083552,0.4750147078259399,0.27345911949685536,0.29477822872320253
GO_SUPEROXIDE_ANION_GENERATION,17,0,0.08821626695317332,0.4491657073569643,0.06353203893678137,0.601541772563821,0.18300695696985314,NA
GO_NEGATIVE_REGULATION_OF_NEUROLOGICAL_SYSTEM_PROCESS,20,1,0.08961652476025127,0.453215366026755,0.30767172095850165,0.8426919439121308,0.19215957769027736,0.25470835607288167
GO_CENTRIOLE_ASSEMBLY,31,2,0.09071185245354464,0.4542791976046561,9.746586386175563e-4,0.4679318751583321,0.009407303421997776,0.3090596081497007
GO_NEGATIVE_REGULATION_OF_ANION_TRANSMEMBRANE_TRANSPORT,10,0,0.090816143213449,0.4545438012167753,0.1486269667752016,0.7618575698919128,0.1858875320112595,NA
GO_CELLULAR_RESPONSE_TO_AMINO_ACID_STIMULUS,57,2,0.09166461231855803,0.4564629003506999,0.30675356805104775,0.732053445933922,0.30702437683284456,0.3102590256509344
GO_GLUTATHIONE_METABOLIC_PROCESS,27,1,0.09190766874946527,0.45690058848214754,4.3203755058926534e-4,0.3105638575265279,0.07021770554995839,0.6088452624126909
GO_ACTININ_BINDING,27,2,0.09488204914659182,0.4654481923915853,8.389193541209998e-4,0.47743104922596824,0.31425732371558956,0.14375925860229002
GO_RESPONSE_TO_INTERLEUKIN_2,10,1,0.09587415394735933,0.46825685440093545,0.06360391182261614,0.9167399383506023,0.27209826929274167,0.31547448857879745
GO_KETONE_BIOSYNTHETIC_PROCESS,29,2,0.09695475383279038,0.4707611500419033,0.016657121621672263,0.4973965270962786,0.026491088759484735,0.31679205263736626
GO_LONG_CHAIN_FATTY_ACYL_COA_BIOSYNTHETIC_PROCESS,18,0,0.09733660277553612,0.4711445682809048,0.023296084495851806,0.5352146419360688,0.1929654518824847,NA
GO_TOXIN_METABOLIC_PROCESS,14,0,0.09890713617484537,0.47486176139596953,0.06706578289644338,0.6226176429289797,0.19464076011529838,NA
GO_GLOBAL_GENOME_NUCLEOTIDE_EXCISION_REPAIR,25,2,0.10000494783102735,0.47815139567663395,0.13344928756773375,0.7447202514048427,0.07126020341350561,0.3204664920362938
GO_P_P_BOND_HYDROLYSIS_DRIVEN_PROTEIN_TRANSMEMBRANE_TRANSPORTER_ACTIVITY,7,0,0.10025884088493087,0.47865493594189,5.411546519121416e-4,0.39145647165458974,0.1960739319092123,NA
GO_REGULATION_OF_B_CELL_ACTIVATION,72,6,0.1005970390671064,0.47877112824471546,0.3211723232247056,0.895869696811461,0.3012345679012346,0.012186576763612334
GO_REGULATION_OF_TRIGLYCERIDE_BIOSYNTHETIC_PROCESS,12,0,0.10441663830542015,0.48856810529135675,0.07163903138565539,0.5325063881326888,0.20043364581340475,NA
GO_INTERMEDIATE_FILAMENT_BUNDLE_ASSEMBLY,8,0,0.10510466409969363,0.48897413055634364,3.750985154701722e-6,0.20114822289468284,0.33249206531298997,NA
GO_NUCLEOBASE_BIOSYNTHETIC_PROCESS,17,1,0.1093523055407847,0.5010468190597988,0.0015878791240112214,0.33134578887014887,0.05140427724813192,0.4035458705981029
GO_ECTOPIC_GERM_CELL_PROGRAMMED_CELL_DEATH,5,0,0.11024138957225452,0.5027735856898794,0.03484375972256436,0.6524756237804868,0.2064246081962426,NA
GO_RETINOL_BINDING,10,1,0.11085887604436198,0.5042880077115828,0.3330493874764508,0.9733096922298541,0.14527291582890642,0.07468696748285641
GO_ALDITOL_METABOLIC_PROCESS,9,0,0.11535443587980533,0.5167280291734102,0.01045444768103969,0.5099232648759594,0.21157936858954107,NA
GO_PEPTIDE_RECEPTOR_ACTIVITY,85,3,0.11738376116286915,0.5206912715866837,0.34028145075210525,0.7371109035475458,0.2603646471308772,0.23466591171816975
GO_SPINDLE_ELONGATION,4,1,0.11774828795000428,0.5206912715866837,0.037700358338488914,0.710982806066867,0.34067876744711906,0.22936692090556185
GO_REGULATION_OF_DEFENSE_RESPONSE_TO_BACTERIUM,11,0,0.12262030766436686,0.5291125063205734,0.043681235942727416,0.6331815966316803,0.21875066195005188,NA
GO_IRON_ION_TRANSPORT,65,1,0.12552034750131516,0.532671969624646,0.00113087579811929,0.3489922251779959,2.314546927438954e-5,0.9268211896580099
GO_PROTEIN_LOCALIZATION_TO_NUCLEUS,200,9,0.12619932435567052,0.533418579597126,0.3497047623818632,0.9779740308817007,0.05371847156921319,0.25588658425846483
GO_NEGATIVE_REGULATION_OF_CELL_DIVISION,11,1,0.1265050704217704,0.5336894900219291,0.3136857376177603,0.9096908450406737,0.19237857188248003,0.3500249285002829
GO_REGULATION_OF_COLLATERAL_SPROUTING,16,1,0.12670691322919042,0.5341162002394748,0.009961872646937904,0.6461284790093187,0.009698552710456453,0.35023605658296525
GO_NEUTRAL_LIPID_CATABOLIC_PROCESS,21,0,0.1269241470032395,0.5342343330045705,0.020663887589899305,0.5445175291982879,0.22291946163500237,NA
GO_PEROXISOME_TARGETING_SEQUENCE_BINDING,5,0,0.12724427809907718,0.5347649632384623,8.42157160870233e-4,0.36268813700690894,0.2232273185173002,NA
KEGG_LONG_TERM_POTENTIATION,70,0,0.12946066209887044,0.38221719286333183,0.2253504989088051,0.9825143246195551,0.20446432710583654,NA
GO_NEGATIVE_REGULATION_OF_MAST_CELL_ACTIVATION_INVOLVED_IN_IMMUNE_RESPONSE,4,0,0.13469492644708408,0.551444532477929,0.08460745786355346,0.7450670313042178,0.2303094028077964,NA
GO_DEFENSE_RESPONSE_TO_FUNGUS,13,1,0.13738246711544128,0.5574812652723051,0.006823468500232363,0.46038279837855056,0.22896190009167858,0.36114969230357125
GO_BEHAVIORAL_RESPONSE_TO_ETHANOL,9,0,0.14123320505740292,0.5678534346390443,0.015346890135753412,0.6532609484687968,0.23640067782410845,NA
GO_CELLULAR_COMPONENT_ASSEMBLY_INVOLVED_IN_MORPHOGENESIS,74,4,0.1417354626110151,0.5688737286259462,0.36546616009026056,0.8944463545999719,0.11506285927933822,0.18961258629667369
GO_POLYOL_TRANSPORT,3,0,0.14257104210701835,0.5704120289763375,0.006999784093539805,0.5212226372795616,0.23763366255815851,NA
GO_REGULATION_OF_PLATELET_DERIVED_GROWTH_FACTOR_RECEPTOR_SIGNALING_PATHWAY,18,1,0.1445730198194285,0.5738456709164078,6.86343799271735e-5,0.3682412294183056,0.04246462836450517,0.47807414906636664
GO_HEME_TRANSPORT,6,0,0.1468302612395294,0.5791269987611103,0.035865588510047536,0.5141063857209838,0.24153016794526228,NA
GO_GLYCOSIDE_CATABOLIC_PROCESS,10,1,0.15742588659031717,0.6004750786437227,0.05799845519512098,0.5332309987915513,0.2760904992698258,0.38045754415487326
GO_AUDITORY_RECEPTOR_CELL_FATE_COMMITMENT,6,0,0.15895269686921357,0.601590291851787,0.008438675776955737,0.441855117316439,0.2523947750362845,NA
GO_PERIPHERAL_NERVOUS_SYSTEM_NEURON_DIFFERENTIATION,9,0,0.1590168100243626,0.601590291851787,1.4645935529931066e-4,0.2903329395254164,0.2524514003922241,NA
GO_STRAND_INVASION,2,0,0.1591546051577573,0.601590291851787,4.2708157444787555e-4,0.25257307392424655,0.5252598501329466,NA
GO_POSITIVE_REGULATION_OF_PROTEIN_DEPHOSPHORYLATION,44,2,0.16717140161386035,0.6152931559526627,0.02172723144625797,0.6764804669863254,0.36680261886873455,0.38936935634150444
GO_POSITIVE_REGULATION_OF_INTRINSIC_APOPTOTIC_SIGNALING_PATHWAY,38,2,0.16763182887402614,0.6152931559526627,0.2476100832976676,0.79504505448677,0.056103244309015955,0.389783511568081
GO_CARBON_CATABOLITE_REGULATION_OF_TRANSCRIPTION,5,0,0.1700160761418383,0.6192997639720472,2.5160133783363087e-4,0.5042606672093305,0.2620461403679548,NA
GO_POSITIVE_REGULATION_OF_CORTICOSTEROID_HORMONE_SECRETION,6,0,0.17060153342943205,0.6202032700887254,1.360771496121838e-4,0.2625504157612664,0.2866680489321999,NA
GO_RESPONSE_TO_INDOLE_3_METHANOL,4,0,0.17455731120659768,0.6268452386988146,0.26594152479754507,0.6425044553996517,0.17818159393179436,NA
GO_MITOCHONDRIAL_INTERMEMBRANE_SPACE_PROTEIN_TRANSPORTER_COMPLEX,5,0,0.17718820922395526,0.6317524994116617,2.0399026854485652e-4,0.26818166280791267,0.4172611582821077,NA
GO_NEGATIVE_REGULATION_OF_CYCLIN_DEPENDENT_PROTEIN_KINASE_ACTIVITY,21,0,0.17721108145144868,0.6317524994116617,0.003091982828319276,0.6065746925591515,0.2682010857440321,NA
GO_SIGNAL_TRANSDUCTION_INVOLVED_IN_REGULATION_OF_GENE_EXPRESSION,10,2,0.18011401762078472,0.63599529062404,0.00155287486652536,0.6054774473295026,0.4007923719978011,0.0443057852109506
GO_CELL_CORTEX_REGION,37,0,0.18102685263570262,0.6370292192876431,6.818881848006167e-4,0.5756767713033475,0.27142908853978137,NA
GO_MHC_CLASS_I_BIOSYNTHETIC_PROCESS,3,0,0.183765216810057,0.6426078310522578,0.013716145535228378,0.5178630908619659,0.27373085746779346,NA
GO_CARDIAC_MUSCLE_CELL_MEMBRANE_REPOLARIZATION,24,0,0.18993083147188747,0.6522028419201423,0.13713629435351088,0.8723462747365818,0.27886999260580225,NA
GO_ENDODEOXYRIBONUCLEASE_ACTIVITY,22,1,0.19275395224002248,0.656180506392431,0.11423458478774488,0.9031323594487084,0.06558839933073062,0.41154456980312637
GO_RESPONSE_TO_L_GLUTAMATE,10,1,0.1928398715423898,0.656220117567593,0.15480221756795012,0.9222313636617083,0.4116164009629784,0.1940970185988875
GO_REGULATION_OF_CHROMATIN_ORGANIZATION,158,7,0.19382153564033144,0.6572819369852928,0.007270591099187091,0.6413702842072828,0.002726925059443641,0.4124359484327846
GO_RESPONSE_TO_PHORBOL_13_ACETATE_12_MYRISTATE,2,0,0.1948393568151779,0.6596731780775048,2.3436722922523225e-4,0.28292009838618976,0.6232128673550437,NA
GO_PROTEIN_QUALITY_CONTROL_FOR_MISFOLDED_OR_INCOMPLETELY_SYNTHESIZED_PROTEINS,26,0,0.19725248363513465,0.6637324653798713,0.20013532564847333,0.6667825021045768,0.2848983521894216,NA
GO_MUSCLE_TISSUE_DEVELOPMENT,307,10,0.19871993032056995,0.6661339666742963,0.21568465392272734,0.9200702771216958,0.22186486261679653,0.41649425870366447
GO_CELLULAR_RESPONSE_TO_MECHANICAL_STIMULUS,50,2,0.2051570558821063,0.6757046642318836,0.27044068854441655,0.992739233342909,0.06593936363961005,0.4217513599476194
GO_MESENCHYME_MIGRATION,1,0,0.20852451606267497,0.6797437545747862,0.0010927957085270744,0.2940328274096858,0.5931597652038494,NA
GO_REGULATION_OF_PROTEIN_KINASE_C_ACTIVITY,4,0,0.20893902385117988,0.6804503913924246,0.011613280735110667,0.5240302797888976,0.2943655312763377,NA
GO_REGULATION_OF_CELL_CYCLE_ARREST,80,4,0.2095800905413659,0.681089651981341,0.0790283861020157,0.7770199411377704,0.4253157940587159,0.33743523589052016
GO_SINGLE_STRANDED_VIRAL_RNA_REPLICATION_VIA_DOUBLE_STRANDED_DNA_INTERMEDIATE,9,1,0.20993054870867017,0.681089651981341,0.0015126615329627187,0.48032177332134296,0.07570305211248834,0.42559661021344486
GO_NEURON_PROJECTION_MEMBRANE,58,2,0.21023337381796137,0.6815418804799526,0.0024023949295740124,0.5890898388799743,0.32497741243998796,0.4258390710595159
GO_FICOLIN_1_RICH_GRANULE,117,4,0.2117236277700645,0.683363729528955,0.005579531860989405,0.4270297415937173,4.8706833568749694e-5,0.6522257511675242
GO_TOLL_SIGNALING_PATHWAY,5,0,0.21599222882383945,0.6913316483441296,0.09725066523789987,0.5673436337516762,0.29999383236364385,NA
GO_REGULATION_OF_ER_ASSOCIATED_UBIQUITIN_DEPENDENT_PROTEIN_CATABOLIC_PROCESS,7,0,0.21758424841612428,0.693390897817247,0.007277231748848541,0.4635257622875276,0.30125584112149534,NA
GO_PEPTIDYL_TYROSINE_DEPHOSPHORYLATION,88,3,0.21815910894406218,0.693390897817247,0.382243191888913,0.9151917208421736,0.3596006796941376,0.43212449462199665
GO_MITOCHONDRIAL_TRANSLATION,131,2,0.21851938640742766,0.693390897817247,0.004496510650335033,0.4324075091942464,0.008652809098931269,0.953161626161713
GO_REGULATION_OF_RESPIRATORY_SYSTEM_PROCESS,15,1,0.22032127872469082,0.6966063622956044,0.0031267998536290854,0.6476859701400319,0.12896743417345904,0.43381955308404285
GO_PROTEIN_KINASE_A_REGULATORY_SUBUNIT_BINDING,13,0,0.22120762951134576,0.6976705072490672,0.17337114681600124,0.7559258983071591,0.30411700744088865,NA
GO_DENDRITE_CYTOPLASM,32,0,0.2232730648497095,0.701174983495442,0.0022505308559320415,0.5618623169696968,0.30574118246872667,NA
GO_SNORNA_METABOLIC_PROCESS,4,0,0.22327430706052506,0.701174983495442,8.804159745401593e-5,0.4442934066391251,0.3057421578363222,NA
GO_COBALT_ION_TRANSPORT,4,0,0.2261047823955599,0.706955665718239,0.0013139254456110408,0.3079601229289787,0.46650358706600614,NA
GO_POSITIVE_REGULATION_OF_TRANSFERASE_ACTIVITY,502,21,0.2273211605953533,0.7085939070922198,0.4392521368361755,0.9568082751607745,0.0437554152741676,0.10266195410731647
GO_MONOAMINE_TRANSPORT,71,3,0.22796220378025028,0.7099707568941034,0.43974555380262226,0.8055808508083142,0.16225350799496527,0.2951126207719166
GO_CLATHRIN_SCULPTED_MONOAMINE_TRANSPORT_VESICLE,4,0,0.22797941402634816,0.7099707568941034,8.69187751050593e-5,0.3094242135735991,0.4808107950230738,NA
GO_CELLULAR_RESPONSE_TO_HORMONE_STIMULUS,534,18,0.24131626042402776,0.7300643303376236,0.4498765309892453,0.9687217893089957,0.0055107696183398416,0.2851527008508989
GO_MITOTIC_SPINDLE_ASSEMBLY,42,2,0.2417637771756173,0.7301679342117617,0.03122752919926907,0.7156696848674455,0.05333285447493176,0.4502113346849345
GO_POSITIVE_REGULATION_OF_PLATELET_ACTIVATION,3,0,0.24185141791813097,0.7301829890255533,0.12217523614471554,0.9092751148339758,0.3201435322261221,NA
GO_LONG_TERM_SYNAPTIC_POTENTIATION,74,2,0.25140670589542413,0.7398316625152184,0.005102377127454205,0.6351033440009926,0.3706824220388757,0.45735582643671147
GO_NUCLEOSIDE_DIPHOSPHATE_METABOLIC_PROCESS,27,2,0.2539198779809731,0.7444833063670483,0.18797429437184782,0.8320786987640386,0.45919663585790005,0.20645821609179693
GO_PERICARDIUM_DEVELOPMENT,15,1,0.2543213528413633,0.7446842220381669,0.027021922871573827,0.6964143144119356,0.4594899147353792,0.37653859274208523
GO_RAGULATOR_COMPLEX,6,0,0.25705968543260543,0.7467495103951453,3.370070174012144e-4,0.3316816000367358,0.5868546547791831,NA
GO_POSITIVE_REGULATION_OF_RESPONSE_TO_TUMOR_CELL,4,0,0.25841913484249684,0.7476897610482972,0.06800860943270576,0.6678095218705002,0.33270294159968755,NA
GO_POSITIVE_REGULATION_OF_NATURAL_KILLER_CELL_MEDIATED_IMMUNITY,13,1,0.25959586378910726,0.7489450884105073,0.10320328676815714,0.9092611207144223,0.46332322642610974,0.26912001430347576
GO_ATRIAL_CARDIAC_MUSCLE_CELL_TO_AV_NODE_CELL_SIGNALING,14,0,0.26530940585544366,0.7581859688341968,8.671326530856243e-5,0.33785574287915265,0.637669983260293,NA
GO_POSITIVE_REGULATION_OF_ALPHA_BETA_T_CELL_ACTIVATION,41,1,0.2655282051426564,0.7581859688341968,0.1271880235021514,0.873397434299537,0.38575150480639653,0.46759201564360986
GO_REGULATION_OF_PRESYNAPSE_ORGANIZATION,28,1,0.26898070893938686,0.7610776258536556,0.013734463059540543,0.6584861236650916,0.19998237846648603,0.47005632593726737
GO_PERINUCLEAR_ENDOPLASMIC_RETICULUM,16,0,0.2697872721304275,0.7614379431310532,0.34118384582399613,0.7379340825345225,0.29844994433501754,NA
GO_CARBOXYLIC_ESTER_HYDROLASE_ACTIVITY,77,1,0.27107095298459394,0.762740557845875,0.016404397849052278,0.4715413192281426,0.001545920876958752,0.8533345459273826
GO_RESPONSE_TO_INTERFERON_ALPHA,11,1,0.275510605968142,0.7676912125639377,7.430618365305112e-4,0.47467839478757,0.6077699695035327,0.34704421057926577
GO_CEREBRAL_CORTEX_RADIALLY_ORIENTED_CELL_MIGRATION,27,1,0.2767537269499047,0.7695240194737918,0.4755527140559178,0.9686817485659374,0.021792456962635244,0.4608474945899821
GO_NEGATIVE_REGULATION_OF_EPITHELIAL_CELL_MIGRATION,57,4,0.2770653686658888,0.7695240194737918,0.4757716242217994,0.9761529987353089,0.21748991935483872,0.056644498668779075
GO_REGULATION_OF_INTERLEUKIN_18_PRODUCTION,1,0,0.2792754249144066,0.7714628689882386,6.355413971844264e-4,0.34818494356658136,0.5674332879237118,NA
GO_POSITIVE_REGULATION_OF_MYELOID_LEUKOCYTE_CYTOKINE_PRODUCTION_INVOLVED_IN_IMMUNE_RESPONSE,13,1,0.2795259710524936,0.7716663838367902,0.005369384887009602,0.5823506566492533,0.4126601709911946,0.47749621127816455
GO_PYRIMIDINE_RIBONUCLEOTIDE_SALVAGE,4,1,0.2800056913579593,0.7724396159832079,0.010039411361059155,0.7122648686316144,0.47783164904492087,0.2295713595313183
GO_POSITIVE_REGULATION_OF_DNA_BIOSYNTHETIC_PROCESS,56,3,0.28416073332610053,0.7766298756143172,0.3366622311448256,0.9487141510035451,0.10136122784578841,0.4807264143204592
GO_HISTONE_UBIQUITINATION,41,2,0.2939668708426831,0.7875534783335078,0.07025811899298218,0.7845970346143916,0.48748540113197375,0.38607348946834447
GO_PRONUCLEUS,12,1,0.29604705208735016,0.790831466023481,0.04545584794521022,0.8227217459887654,0.4889065125852074,0.21346755734258072
GO_COSTAMERE,19,0,0.30314366500799095,0.7998719046238327,0.002473732771356022,0.4924056327465147,0.3655196825455968,NA
GO_MRNA_TRANSCRIPTION_BY_RNA_POLYMERASE_II,14,0,0.3072180424237949,0.8059060968094299,3.490226090679749e-4,0.37762402971232234,0.368442831079429,NA
GO_TRANSMEMBRANE_RECEPTOR_PROTEIN_TYROSINE_PHOSPHATASE_SIGNALING_PATHWAY,7,0,0.30909420923420544,0.8085335981434658,0.0012764461029820266,0.3697856237436732,0.5471670560747663,NA
GO_MORPHOGENESIS_OF_AN_EPITHELIAL_SHEET,51,0,0.31021978412400575,0.8089754552988635,0.1214982085305664,0.8468667590974599,0.37059024223814396,NA
GO_REGULATION_OF_ACUTE_INFLAMMATORY_RESPONSE,24,1,0.3122390737301044,0.8111142144345999,0.3794553195342192,0.7754562456087273,0.4998260188769518,0.2703319692180385
HALLMARK_BILE_ACID_METABOLISM,86,1,0.31310848512122474,0.7827712128030618,0.02178327378559829,0.5004054924123378,0.00111676091812004,0.919933740967048
GO_CYTOKINE_MEDIATED_SIGNALING_PATHWAY,448,18,0.313872362908769,0.8137334073957129,0.5009140740941096,0.8186017411679192,5.097756986925752e-4,0.15521565996969927
GO_NUCLEOTIDE_EXCISION_REPAIR_COMPLEX,12,1,0.31503925429427315,0.814854624600344,0.03981157000033299,0.8494894690490268,0.5016899865934025,0.26221170213812645
GO_SULFUR_AMINO_ACID_TRANSMEMBRANE_TRANSPORTER_ACTIVITY,6,0,0.31540799608620806,0.8148768597929247,0.11406570853819926,0.6287415634708664,0.37428986108231393,NA
GO_MICROGLIAL_CELL_PROLIFERATION,4,0,0.31593312709879634,0.8148768597929247,0.0026937265933142224,0.37466349660208786,0.5176269862478673,NA
GO_NEGATIVE_REGULATION_OF_HUMORAL_IMMUNE_RESPONSE_MEDIATED_BY_CIRCULATING_IMMUNOGLOBULIN,6,0,0.32241883031102664,0.8248618438944714,0.09340635904312211,0.6022759215041242,0.3792660170018661,NA
GO_NEGATIVE_REGULATION_OF_GLUCONEOGENESIS,13,1,0.32308536022214773,0.8249288188148423,0.22932421898258393,0.66427602090318,0.09091102914525723,0.5070082549551538
HALLMARK_PEROXISOME,95,2,0.3338640234515185,0.7949143415512345,0.01661169616230743,0.5140490808251725,2.3968170269881597e-5,0.883482459618191
GO_NEGATIVE_REGULATION_OF_INTRACELLULAR_STEROID_HORMONE_RECEPTOR_SIGNALING_PATHWAY,30,1,0.3345702506768495,0.838129281176943,6.950999094674682e-4,0.5145072010473103,0.11511632153683211,0.6791883073171643
GO_NEGATIVE_REGULATION_OF_FATTY_ACID_BETA_OXIDATION,3,1,0.33539170967513865,0.8395034191888711,0.01083204914831338,0.7580511511580044,0.5150395886050119,0.020165508922189223
GO_GRANULAR_COMPONENT,4,1,0.338757888626254,0.8439332171811416,0.001066131850221091,0.5172158525672964,0.5624396160092092,0.15524827525294968
GO_OPIOID_RECEPTOR_BINDING,8,1,0.34541444937137145,0.8511551592040991,0.5214946158722045,0.7048706409065113,0.48454926624737943,0.28936133388316043
GO_POSITIVE_REGULATION_OF_PROTEIN_COMPLEX_DISASSEMBLY,29,2,0.34607100467127416,0.8515853078735476,0.013249874957547458,0.6004196238514965,0.5219149014012366,0.30377081269049816
GO_SYNAPTIC_VESICLE_CLUSTERING,14,0,0.34708586857815327,0.8524261264894101,2.633816853859788e-4,0.3965824868830786,0.4783230199183704,NA
GO_POSITIVE_REGULATION_OF_DNA_CATABOLIC_PROCESS,4,0,0.3514729469060049,0.8586592956215838,0.07576542063798059,0.7824374479894296,0.3996339350039917,NA
GO_MITOTIC_SPINDLE_ASTRAL_MICROTUBULE,4,0,0.3558318938375922,0.8631024025703704,0.40265811947258834,0.9165601117995359,0.3276086998851179,NA
GO_NEGATIVE_REGULATION_OF_AUTOPHAGY,70,3,0.3618782455991313,0.8698863732306736,0.10948910742090594,0.8349033233681438,0.5319439579684764,0.4030753544735788
GO_ATRIAL_CARDIAC_MUSCLE_CELL_MEMBRANE_REPOLARIZATION,6,0,0.36485241494446075,0.8739442065128433,9.839225768028621e-4,0.40889331050179856,0.7467965996267883,NA
GO_CARDIOLIPIN_METABOLIC_PROCESS,9,1,0.36552577825318777,0.8748213953600769,0.19576157835903,0.5655410114353663,0.534234746530191,0.4094180321480836
GO_TRAPP_COMPLEX,11,0,0.3679745802884721,0.8750621541831926,0.14095494520025725,0.6296528494101516,0.4110445042258891,NA
GO_SIALIC_ACID_BINDING,5,0,0.36944669736859626,0.8750621541831926,0.0032590438380853516,0.41205761922376327,0.7281611992601966,NA
GO_1_PHOSPHATIDYLINOSITOL_BINDING,14,0,0.3700745345282467,0.8750621541831926,2.2044408110183679e-4,0.41248947137419956,0.5174826490116049,NA
GO_CILIARY_TIP,40,2,0.37154232528986203,0.8756381036201931,0.04115147509717788,0.7644889537274957,0.33154060616961956,0.5379952169015443
GO_SKELETAL_SYSTEM_DEVELOPMENT,392,11,0.3749931669481784,0.8791639163535584,0.4111834892966324,0.9917481262471705,0.540142158005127,0.36916714678175166
GO_RNA_POLYMERASE_II_CTD_HEPTAPEPTIDE_REPEAT_KINASE_ACTIVITY,16,0,0.37639481391498797,0.8809993933522918,0.4168294506211122,0.9448009906657429,0.38488053438383146,NA
GO_REGULATION_OF_MAP_KINASE_ACTIVITY,270,11,0.380076762581707,0.884831555216232,0.5432921731069701,0.9686998120949469,0.02931366434362882,0.16357326834761662
GO_NEGATIVE_REGULATION_OF_CELL_AGING,18,1,0.38099283706411846,0.884831555216232,0.016235792458818066,0.5438582313122343,0.6743344533471182,0.4247197951424217
GO_SUBSTRATE_INDEPENDENT_TELENCEPHALIC_TANGENTIAL_MIGRATION,10,0,0.3866204135497585,0.8896599982543805,0.004302599647278688,0.5062484260508971,0.4238242374841241,NA
GO_NEGATIVE_REGULATION_OF_VESICLE_FUSION,6,0,0.38962221580374334,0.8925975529971277,0.4258716966367997,0.965014825525268,0.201700186605847,NA
GO_EPIDERMAL_GROWTH_FACTOR_RECEPTOR_BINDING,25,0,0.3912897383544318,0.8934229900809125,0.14032679847997354,0.8838966131991739,0.4270079728333087,NA
GO_REGULATION_OF_MICROTUBULE_NUCLEATION,5,1,0.3966637229801786,0.8996475812084461,0.01713727809962688,0.8135433699959923,0.5534702618514553,0.29290057324051727
GO_POSITIVE_REGULATION_OF_MORPHOGENESIS_OF_AN_EPITHELIUM,23,1,0.3993472025987822,0.9012076556749817,0.09039980180685163,0.839310357036352,0.5335543565407701,0.555103287360069
GO_UBIQUITIN_RECYCLING,7,1,0.40132153470109366,0.9012076556749817,0.3687719082827441,0.9906969838778961,0.5563024564503428,0.2288893176904011
GO_MESENCHYMAL_CELL_DIFFERENTIATION,172,4,0.40203457362295725,0.9012076556749817,0.27897193717263047,0.9500591756023311,0.5567350670459162,0.4770993845983924
GO_NEGATIVE_REGULATION_OF_DENDRITIC_SPINE_DEVELOPMENT,13,0,0.40232789732049534,0.9012076556749817,0.001231249675167922,0.4345107678028861,0.5350383246388821,NA
GO_REGULATION_OF_CELLULAR_RESPIRATION,22,0,0.4027572961181548,0.9012076556749817,0.01956820808898354,0.8033201214697492,0.43480200780814277,NA
GO_FLOOR_PLATE_DEVELOPMENT,5,0,0.40527214281774804,0.9012076556749817,0.00357556257599183,0.4365068078369967,0.5347999610629807,NA
GO_REGULATION_OF_CELL_CYCLE_CHECKPOINT,24,1,0.4116639235157964,0.9077980779676847,0.3331810783992309,0.7462682203473008,0.27743464834065507,0.5625533389817472
GO_NEUTRAL_LIPID_METABOLIC_PROCESS,75,1,0.41408734623377114,0.9095958596977345,0.03889498020439219,0.5640107949257167,8.64263857419822e-4,0.8075501905914642
GO_3_OXO_ARACHIDOYL_COA_SYNTHASE_ACTIVITY,7,0,0.41770914213077315,0.9129249286450395,0.0063098571029732275,0.4449165838872966,0.7632885514018691,NA
GO_CELLULAR_RESPONSE_TO_REACTIVE_OXYGEN_SPECIES,131,6,0.4187820585294644,0.9136875043342279,0.5668266985028134,0.841679761765453,0.2960829493087558,0.2420767195989459
GO_NEGATIVE_REGULATION_OF_HOMOTYPIC_CELL_CELL_ADHESION,12,0,0.42473391808992045,0.9178325421737664,0.2695548162324899,0.9173150191215969,0.44965244563484474,NA
GO_MEIOTIC_DNA_DOUBLE_STRAND_BREAK_PROCESSING,3,0,0.42712135467736156,0.9189454571894331,0.007114523969539256,0.4512598535403607,0.5360693346928371,NA
GO_ZONULA_ADHERENS,9,0,0.42864651786352137,0.9206572669113415,0.2721116901356807,0.9923276645184891,0.4522861776289463,NA
GO_POSITIVE_REGULATION_OF_LEUKOCYTE_MEDIATED_IMMUNITY,73,3,0.4316189479444718,0.9222874823676345,0.5744780301229373,0.9897870540741669,0.5297409797645907,0.1978175683093984
GO_ADRENERGIC_RECEPTOR_SIGNALING_PATHWAY,26,0,0.43674529380687477,0.9285698978315118,0.019477315702792333,0.741055871543806,0.45772949083878095,NA
GO_MACROPHAGE_COLONY_STIMULATING_FACTOR_PRODUCTION,6,0,0.43687269503321313,0.9286172733213198,0.09459572160523397,0.8206285047811663,0.45781503515413735,NA
GO_ATRIOVENTRICULAR_VALVE_DEVELOPMENT,22,0,0.4376515990737937,0.9296018817547231,0.0109294966277267,0.6848853823041257,0.45833798103736756,NA
GO_CALCIUM_ION_IMPORT,54,0,0.4433618888450952,0.9341455757432799,0.46216906876622843,0.9917430553125994,0.45114378338888633,NA
GO_CLATHRIN_COATED_ENDOCYTIC_VESICLE,42,0,0.4488511772276983,0.9387195311622838,0.46584767195984056,0.848812692967099,0.01882023739675949,NA
GO_NEURON_PROJECTION_ARBORIZATION,17,0,0.45690058645622655,0.9457028539724238,0.001771294732019285,0.4712353241949979,0.9428411005053341,NA
GO_PHOSPHOLIPASE_C_ACTIVITY,17,1,0.4627644062696247,0.949072435659881,0.5130398131950921,0.9861333351932241,0.5927810701709182,0.39253556289924285
GO_NEGATIVE_REGULATION_OF_CHROMATIN_SILENCING,17,2,0.46288355746207727,0.949072435659881,0.35689913703028375,0.9781053334675808,0.5928504585438892,0.029642429999700914
GO_REGULATION_OF_HISTONE_UBIQUITINATION,11,0,0.4650765536269032,0.9508183926730068,0.4767008384559607,0.8944980223092793,0.19098053337287382,NA
GO_LONG_TERM_SYNAPTIC_DEPRESSION,28,0,0.4665804928016372,0.9520282763058188,9.557431956020019e-4,0.47770555348911903,0.9049136494331813,NA
GO_POSITIVE_REGULATION_OF_INTERLEUKIN_6_PRODUCTION,43,0,0.4693314468543429,0.9535588779924713,0.42028277165527217,0.7618372379884548,0.4795428830052048,NA
GO_FOLATE_IMPORT_ACROSS_PLASMA_MEMBRANE,3,0,0.47278903810516426,0.9570462999054562,0.48185138854180387,0.8755791536747479,0.06015835442004734,NA
GO_REGULATION_OF_DENDRITIC_CELL_DIFFERENTIATION,7,0,0.48320919320368616,0.9648279894042319,0.48880425770065594,0.8987729953300767,0.22285964619492657,NA
GO_POSITIVE_REGULATION_OF_NITRIC_OXIDE_SYNTHASE_BIOSYNTHETIC_PROCESS,8,0,0.48723393765772705,0.9675502719209166,0.2781142790554457,0.9825541108686511,0.49148846960167714,NA
GO_POSITIVE_REGULATION_OF_NEUTROPHIL_MIGRATION,17,0,0.489172791070733,0.9678162701943012,0.4927813591744443,0.7673378649399061,0.38563944000687106,NA
GO_AMINOPHOSPHOLIPID_TRANSPORT,2,0,0.4931792984576557,0.9694583717345194,0.005491465514109344,0.5094573725795333,0.4954527402700556,NA
GO_ENTEROENDOCRINE_CELL_DIFFERENTIATION,21,1,0.49372494069430783,0.9699097267073656,0.03322052587613909,0.8407015579092096,0.6106752435487469,0.2582946120838365
GO_PHENOL_CONTAINING_COMPOUND_CATABOLIC_PROCESS,6,0,0.4940598380872554,0.9701099376890008,0.0627823626419246,0.5815511143859979,0.4960398092473564,NA
GO_HEPARAN_SULFATE_PROTEOGLYCAN_METABOLIC_PROCESS,32,0,0.5012214238462799,0.9772213767949761,0.5008142832840752,0.9978071049568367,0.22760242219905508,NA
GO_CARDIAC_NEURAL_CREST_CELL_DEVELOPMENT_INVOLVED_IN_OUTFLOW_TRACT_MORPHOGENESIS,6,0,0.501914187016801,0.9774216715993477,0.5012761274487676,0.7745947420902739,0.45670744349989634,NA
GO_POSITIVE_REGULATION_OF_CARDIAC_VASCULAR_SMOOTH_MUSCLE_CELL_DIFFERENTIATION,1,0,0.502774774215306,0.977836859892799,0.08003470296670949,0.5018498579170925,0.6656351076149024,NA
GO_PROTEIN_K63_LINKED_UBIQUITINATION,42,1,0.5042009723383071,0.9785862861559961,0.052386140122267146,0.776426813665702,0.5855300962505388,0.6166758239247476
GO_TELENCEPHALON_GLIAL_CELL_MIGRATION,21,1,0.5072349511265761,0.9800872423426465,0.6184092887336499,0.9805313960289659,0.02566321893798416,0.44182001434396645
GO_RESPONSE_TO_LEUKEMIA_INHIBITORY_FACTOR,84,6,0.5140509865268272,0.9854875032504322,0.6222970181424194,0.8797246154605227,0.15121698601760747,0.043826184463780296
GO_REGULATION_OF_ENDOTHELIAL_CELL_DIFFERENTIATION,22,2,0.5153122003252879,0.9855527122047182,0.09923515749190223,0.9717084414952509,0.6230154303773936,0.19471646017184108
GO_T_TUBULE_ORGANIZATION,6,0,0.5241857072426004,0.9896820035316216,0.0024092730089448756,0.5161293997415927,0.8572394344433284,NA
GO_TONGUE_DEVELOPMENT,9,0,0.5253954940151785,0.9911048033589764,0.0016560705189353677,0.5169368072304872,0.6287389805982369,NA
GO_REGULATION_OF_INORGANIC_ANION_TRANSMEMBRANE_TRANSPORT,2,0,0.5256728230693302,0.9912620053917571,0.13673220835524044,0.7278363612753646,0.5171219079848521,NA
GO_REGULATION_OF_SECONDARY_HEART_FIELD_CARDIOBLAST_PROLIFERATION,7,0,0.5261943939168368,0.9913026953456524,0.5174700384711544,0.9223911630163355,0.4720043391188251,NA
GO_N_ACETYLGALACTOSAMINE_4_O_SULFOTRANSFERASE_ACTIVITY,3,0,0.5292786310057905,0.9937614083539116,0.10132101574153633,0.5529841710467972,0.5195290180393437,NA
GO_REGULATION_OF_JUN_KINASE_ACTIVITY,70,1,0.5324190084225451,0.9953099778694132,0.013551176998486306,0.632733348296185,0.20401050788091069,0.8436496138630268
GO_CXCR_CHEMOKINE_RECEPTOR_BINDING,3,0,0.5358937151488322,0.9960204249157971,0.007280461424038686,0.523947454632893,0.6195616684352298,NA
GO_NEGATIVE_REGULATION_OF_VITAMIN_D_BIOSYNTHETIC_PROCESS,3,1,0.5374821793801964,0.9964617404441326,0.5538953151279997,0.6545239494655655,0.6356011754142519,0.05096553096009193
GO_NEGATIVE_REGULATION_OF_INTERFERON_BETA_PRODUCTION,10,0,0.5416844297677205,0.9989927029003881,0.009753950958648352,0.7346404612904724,0.5278183231285425,NA
GO_POSITIVE_REGULATION_OF_CHEMOKINE_PRODUCTION,32,2,0.542900412694549,0.9999962981116861,0.6251991188379744,0.868815458887846,0.6386664596411064,0.17236643624945197
GO_CRANIAL_NERVE_STRUCTURAL_ORGANIZATION,12,0,0.5433321470149682,0.9999988372959979,0.4728366435045628,0.9813991749236308,0.5289203494675084,NA
GO_PEPTIDE_N_ACETYLTRANSFERASE_ACTIVITY,67,1,0.5474094282307919,0.9999988372959979,0.00787287468610932,0.6412147474082239,0.0251417303426177,0.9572606335243893
GO_CELLULAR_RESPONSE_TO_GAMMA_RADIATION,24,1,0.5516268577966291,0.9999988372959979,0.581530298623061,0.8679701650074625,0.35485624809708144,0.6435962910685991
GO_SPERM_ANNULUS,5,0,0.5550239930434322,0.9999988372959979,0.05445434908800003,0.5641237836209665,0.5367488332887893,NA
GO_C21_STEROID_HORMONE_METABOLIC_PROCESS,19,1,0.5582031938786715,0.9999988372959979,0.27348576516371154,0.647306539933258,0.8757042633567188,0.5068188266834748
GO_RETINA_MORPHOGENESIS_IN_CAMERA_TYPE_EYE,42,1,0.5601240038065471,0.9999988372959979,0.024113004313096653,0.66533186240967,0.4687365321074558,0.6483895363222705
GO_MESONEPHRIC_TUBULE_FORMATION,3,0,0.5604145510682091,0.9999988372959979,0.39223964745157935,0.7665999619640824,0.5403640519141295,NA
GO_SCAFFOLD_PROTEIN_BINDING,53,0,0.5618261596372948,0.9999988372959979,0.004639465374033523,0.5413114445257551,0.9893118620517662,NA
KEGG_NUCLEOTIDE_EXCISION_REPAIR,40,2,0.5654637199885746,0.9872639268624309,0.5004944095814029,0.8331484381563028,0.2505093929826918,0.651398759581029
GO_POSITIVE_REGULATION_OF_POSTTRANSCRIPTIONAL_GENE_SILENCING,21,0,0.5669088483927596,0.9999988372959979,0.5447251865055709,0.9870837128764672,0.34366209373782836,NA
GO_REGULATION_OF_LIPASE_ACTIVITY,62,2,0.5669678459496774,0.9999988372959979,0.6522460723246831,0.8753803021532431,0.024121343245793726,0.2909882146482731
GO_PROTEIN_DEPOLYMERIZATION,85,1,0.5727763574874571,0.9999988372959979,0.007089743485446367,0.5825337640943201,0.6555169417897481,0.9264741955809301
GO_REGULATION_OF_HISTONE_MODIFICATION,122,3,0.5740379826944888,0.9999988372959979,0.008510836213397077,0.6562271587443811,0.05925486875529212,0.8138826854110945
GO_DYNEIN_COMPLEX,40,2,0.5741035240554135,0.9999988372959979,0.02017361168139535,0.7393570600380772,0.6562640525227089,0.358953637706252
GO_CHEMOKINE_PRODUCTION,43,2,0.5759680293210496,0.9999988372959979,0.6573135217335309,0.8812634707107423,0.2907897714415026,0.3070764175267156
GO_PERIPHERAL_NERVOUS_SYSTEM_AXON_REGENERATION,5,0,0.57770720843271,0.9999988372959979,0.5519921985877234,0.9215648307376252,0.32521946506034005,NA
GO_POSITIVE_REGULATION_OF_TRIGLYCERIDE_BIOSYNTHETIC_PROCESS,8,0,0.5860003631921733,0.9999988372959979,0.11007721190357,0.5575882231706281,0.6874423480083858,NA
GO_REGULATION_OF_GLUCOSE_TRANSMEMBRANE_TRANSPORT,57,1,0.5876941940679804,0.9999988372959979,0.6637024748357891,0.9671333450715525,0.12064699413489736,0.6639112705248768
GO_UV_DAMAGE_EXCISION_REPAIR,10,1,0.591714659541561,0.9999988372959979,0.045683431938639454,0.7376979197800673,0.6661728290545832,0.28497006610016273
GO_NEGATIVE_REGULATION_OF_MITOPHAGY,5,0,0.5969155809618918,0.9999988372959979,0.012649527082438173,0.5791000398710975,0.5649761510756351,NA
GO_REGULATION_OF_PROTEIN_HOMODIMERIZATION_ACTIVITY,18,0,0.6000783462596389,0.9999988372959979,0.1478380965394452,0.8476742545277641,0.5671221114719827,NA
GO_ACYL_CARNITINE_TRANSPORT,4,0,0.604786717904364,0.9999988372959979,0.04958416149683672,0.8432580200777328,0.5703214751640477,NA
GO_CYTOKINE_RECEPTOR_ACTIVITY,35,1,0.6072452593354256,0.9999988372959979,0.26907289023299613,0.674910059879133,0.7575555407298685,0.3945783101241868
GO_PROTEIN_HOMOTETRAMERIZATION,62,2,0.6103444829226932,0.9999988372959979,0.5522061165078631,0.7643931574880007,0.4989297304762124,0.6766543634750137
GO_CELLULAR_RESPONSE_TO_EXTRACELLULAR_STIMULUS,214,7,0.612651153627763,0.9999988372959979,0.6779528692697422,0.9828698314320156,0.09818325434439179,0.3553806208106458
GO_NEGATIVE_REGULATION_OF_STEM_CELL_DIFFERENTIATION,17,0,0.6132230132748987,0.9999988372959979,0.5760689035752051,0.8167914640813425,0.5049815339689083,NA
GO_POSITIVE_REGULATION_OF_SYNAPTIC_VESICLE_TRANSPORT,12,1,0.6179760139044905,0.9999988372959979,0.01066671097939462,0.6889622028208537,0.6809514699317646,0.32440439216524336
GO_APOPTOTIC_SIGNALING_PATHWAY,458,24,0.6271385042919051,0.9999988372959979,0.68611553602037,0.8575273863196393,0.0035656010152897806,0.01664966465843388
GO_SIGNAL_RECOGNITION_PARTICLE,9,0,0.6277246620547954,0.9999988372959979,0.026269930053489623,0.5859977838077207,0.9139234641224911,NA
GO_POTASSIUM_CHANNEL_INHIBITOR_ACTIVITY,7,0,0.6284709981491918,0.9999988372959979,4.3975844574941476e-4,0.5865106022875537,0.5932164326732864,NA
GO_CAMERA_TYPE_EYE_MORPHOGENESIS,87,1,0.6328084343358091,0.9999988372959979,0.0189622717882404,0.6743564396139223,0.6893146595859149,0.8734679172072244
GO_REGULATION_OF_RETINA_DEVELOPMENT_IN_CAMERA_TYPE_EYE,6,0,0.6328286585645315,0.9999988372959979,0.1426492336249804,0.8127448269049873,0.5895086046029442,NA
GO_POSITIVE_REGULATION_OF_CALCIUM_MEDIATED_SIGNALING,33,1,0.6329851824695008,0.9999988372959979,0.30582685531737247,0.8667286823088229,0.09994436408145098,0.6894144352630395
GO_EMBRYONIC_HEMOPOIESIS,18,0,0.6367994437775953,0.9999988372959979,0.01549461083343796,0.7129445387790585,0.592246238847202,NA
GO_HOST_INTRACELLULAR_ORGANELLE,5,0,0.63995569246057,0.9999988372959979,0.5944263786953546,0.8967272408733274,0.1698772640365124,NA
GO_NEGATIVE_REGULATION_OF_HEXOKINASE_ACTIVITY,4,0,0.6453872311272862,0.9999988372959979,0.27393879841150587,0.7395670441712282,0.5981869385573623,NA
GO_SOMATIC_STEM_CELL_DIVISION,20,0,0.6466224464749051,0.9999988372959979,0.05925178458925393,0.790610676158559,0.5990437454026222,NA
GO_POLYSACCHARIDE_BIOSYNTHETIC_PROCESS,57,3,0.6542434459979043,0.9999988372959979,0.7014423656405357,0.7977921203071615,0.12554985337243402,0.0981492967093458
GO_MHC_PROTEIN_BINDING,21,0,0.6597222919671862,0.9999988372959979,0.9716731921409867,0.6081690432091951,0.11567923140173973,NA
GO_NEGATIVE_REGULATION_OF_FIBROBLAST_APOPTOTIC_PROCESS,7,1,0.6603844855926024,0.9999988372959979,0.704929262672283,0.9570291127320729,0.3260990646666795,0.170955906797442
GO_MESANGIAL_CELL_DEVELOPMENT,5,0,0.661322691746969,0.9999988372959979,0.6092889342395258,0.7906101136441127,0.6070598877490183,NA
GO_REGULATION_OF_PROTEIN_OLIGOMERIZATION,29,0,0.6640070531966934,0.9999988372959979,0.3532204332780262,0.9726198667380274,0.6111699311805188,NA
HALLMARK_IL2_STAT5_SIGNALING,147,2,0.6651416807908621,0.9691259120742466,0.2349723535831064,0.7076349956980383,0.027193201699575106,0.9516275846133515
GO_MACROPHAGE_ACTIVATION_INVOLVED_IN_IMMUNE_RESPONSE,10,0,0.6666859979891796,0.9999988372959979,0.6130504386823458,0.9191394663321838,0.25884783803764716,NA
GO_BRANCHIOMOTOR_NEURON_AXON_GUIDANCE,7,0,0.6689057234725593,0.9999988372959979,0.14756131199735661,0.848945504289389,0.6146111481975968,NA
GO_RESPONSE_TO_UV_C,10,0,0.6742950273288147,0.9999988372959979,0.046701983539568864,0.9654530923754254,0.6184103273747464,NA
GO_NEUROTRANSMITTER_BIOSYNTHETIC_PROCESS,64,1,0.6746096251160845,0.9999988372959979,0.20691558018306055,0.7130333319046964,0.03527234879148838,0.7597570588126991
GO_PHOSPHATIDYLINOSITOL_3_PHOSPHATE_BIOSYNTHETIC_PROCESS,13,0,0.675814899290522,0.9999988372959979,0.12367817587538299,0.7951307100142716,0.6194843594041319,NA
GO_REGULATION_OF_MORPHOGENESIS_OF_AN_EPITHELIUM,153,4,0.6794857550783662,0.9999988372959979,0.11567075534698378,0.7158211436436284,2.494387627837366e-5,0.7664424116704543
GO_MEMBRANE_DISASSEMBLY,12,0,0.6816362108178387,0.9999988372959979,0.6236090002455043,0.8713033143987315,0.4650426205811704,NA
GO_FOREBRAIN_RADIAL_GLIAL_CELL_DIFFERENTIATION,8,0,0.6831522570588325,0.9999988372959979,0.056550473463819785,0.6246861019704564,0.6362473794549266,NA
GO_REGULATION_OF_TRANSCRIPTION_INVOLVED_IN_CELL_FATE_COMMITMENT,13,0,0.6839722195156596,0.9999988372959979,0.036041657235280654,0.6910712863257327,0.6252691725475983,NA
GO_NEGATIVE_REGULATION_OF_EXTRINSIC_APOPTOTIC_SIGNALING_PATHWAY_VIA_DEATH_DOMAIN_RECEPTORS,28,0,0.6845237872611728,0.9999988372959979,0.4638807149662677,0.9839286425111637,0.6256615936853287,NA
GO_CYTOSOLIC_CALCIUM_ION_TRANSPORT,122,3,0.6860259478587933,0.9999988372959979,0.3777453532668271,0.9257188212805354,0.2744188318030865,0.719569276644108
GO_SODIUM_CHANNEL_ACTIVITY,29,0,0.6861551022918158,0.9999988372959979,0.0058555288931595485,0.6268231875000232,0.7447407895218234,NA
GO_POSITIVE_REGULATION_OF_CELLULAR_RESPIRATION,6,0,0.6882790240596002,0.9999988372959979,0.6283377449487492,0.663798464649782,0.5760449663910995,NA
GO_POSITIVE_REGULATION_OF_UTERINE_SMOOTH_MUSCLE_CONTRACTION,7,0,0.6887757681236684,0.9999988372959979,0.07137664808493843,0.6286923333656871,0.8258205773330517,NA
GO_GOLGI_VESICLE_BUDDING,75,2,0.6902773491893465,0.9999988372959979,0.17251906173849801,0.7220116062187933,0.018172899488449232,0.8686006464102399
GO_SMOOTH_MUSCLE_CELL_PROLIFERATION,103,2,0.6974508505098753,0.9999988372959979,0.38178371821543344,0.9858035106114234,0.7261439631822431,0.6127037805115796
GO_ATPASE_BINDING,70,2,0.6991851884139341,0.9999988372959979,0.5636767668933989,0.8087025544637191,0.5165260360822339,0.7271453019269551
GO_DERMATAN_SULFATE_BIOSYNTHETIC_PROCESS,12,0,0.70116436597941,0.9999988372959979,0.6375819222121542,0.8471637673274367,0.12688391471632338,NA
GO_CALCIUM_CHANNEL_REGULATOR_ACTIVITY,41,0,0.7014155180570792,0.9999988372959979,0.6377630923221966,0.8246929677764913,0.2452702550341624,NA
GO_GLYCOLIPID_BIOSYNTHETIC_PROCESS,55,1,0.7046282194794433,0.9999988372959979,0.26412373100542813,0.7302939434034975,0.07438979797056404,0.7972549659267941
GO_REGULATION_OF_CAMP_DEPENDENT_PROTEIN_KINASE_ACTIVITY,13,0,0.7075186120072448,0.9999988372959979,0.042907990488383264,0.7053030080747194,0.6421778187913143,NA
GO_PEPTIDASE_ACTIVATOR_ACTIVITY_INVOLVED_IN_APOPTOTIC_PROCESS,12,0,0.7087539226442061,0.9999988372959979,0.1384834921289506,0.6430743054791788,0.7598708434826942,NA
GO_FRUCTOSE_METABOLIC_PROCESS,7,0,0.7091911393871239,0.9999988372959979,0.0500132398345409,0.6433918412062153,0.7373998664886515,NA
GO_REGULATION_OF_SYNAPSE_STRUCTURE_OR_ACTIVITY,210,4,0.7099269597270345,0.9999988372959979,0.0372151467712897,0.7333683699595914,0.45500420521446594,0.7827277787022131
GO_SMOOTHENED_SIGNALING_PATHWAY,116,1,0.7128976216872072,0.9999988372959979,0.024514898125918703,0.7350962107477614,0.06187231294713409,0.9839591331590278
GO_MITOCHONDRIAL_OUTER_MEMBRANE_PERMEABILIZATION,44,1,0.7135824224660039,0.9999988372959979,0.6773384733140551,0.8634863957835557,0.7211337868480726,0.7354949582229762
GO_NEGATIVE_REGULATION_OF_HIPPO_SIGNALING,6,0,0.7211186368426519,0.9999988372959979,0.08597590577846889,0.8049774068796767,0.6521044992743106,NA
GO_POSITIVE_REGULATION_OF_NON_MOTILE_CILIUM_ASSEMBLY,8,0,0.7217705964339444,0.9999988372959979,0.06169197371180529,0.6525836179481302,0.8322817483079041,NA
GO_CYTOPLASMIC_VESICLE_PART,1141,22,0.7227113598029594,0.9999988372959979,0.37877288379843355,0.74082721747343006,4.097688903458449e-5,0.9981684319362588
GO_SYNAPTIC_VESICLE_LOCALIZATION,157,2,0.7266355762600731,0.9999988372959979,0.019345386794491132,0.7431293733260426,0.6793359836324623,0.976840667649265
GO_PROTEIN_TYROSINE_KINASE_ACTIVATOR_ACTIVITY,11,0,0.7280919972362057,0.9999988372959979,0.030927046414516084,0.6572454245491509,0.9479336567179987,NA
GO_POSITIVE_REGULATION_OF_MICROTUBULE_POLYMERIZATION_OR_DEPOLYMERIZATION,26,1,0.7286849873644929,0.9999988372959979,0.018719828840702422,0.7443341897100013,0.7904796980020256,0.6145027115318628
GO_REGULATION_OF_PROTEIN_LOCALIZATION_TO_CENTROSOME,10,0,0.7293195960382478,0.9999988372959979,0.02903638685540944,0.6581542290976374,0.870035827346312,NA
GO_NUCLEAR_ENVELOPE,371,10,0.7297112914916837,0.9999988372959979,0.7319574093961623,0.9773983145582867,0.06284333745577958,0.7449382041478436
GO_ACTIVATION_OF_GTPASE_ACTIVITY,75,1,0.7326708548145915,0.9999988372959979,0.04382123527092009,0.7466825503901413,0.5610148449930933,0.9210529239247895
GO_SOMITE_DEVELOPMENT,68,3,0.7363260743747981,0.9999988372959979,0.7488422663774201,0.8939480913049573,0.10470610032887119,0.44446064585448347
GO_NEGATIVE_REGULATION_OF_T_CELL_MIGRATION,2,0,0.736827419951724,0.9999988372959979,0.6637380709033498,0.785633640168365,0.31016839900088633,NA
GO_PROTEIN_KINASE_C_BINDING,42,1,0.7370886245185164,0.9999988372959979,0.13934746070044138,0.7492935906060638,0.8669269305411382,0.5377353816310343
GO_INTEGRIN_BIOSYNTHETIC_PROCESS,4,0,0.7424293105020602,0.9999988372959979,0.05645595513532248,0.8977856209063186,0.6679343022180196,NA
GO_POSITIVE_REGULATION_OF_DENDRITE_MORPHOGENESIS,34,0,0.7430615322398069,0.9999988372959979,0.020024970976985242,0.6684095464547688,0.9174759047099472,NA
GO_FATTY_ACID_LIGASE_ACTIVITY,14,0,0.745295016682986,0.9999988372959979,0.670091229589778,0.8104969870120249,0.23450411017401515,NA
GO_ACTIVIN_ACTIVATED_RECEPTOR_ACTIVITY,7,0,0.7455027091837141,0.9999988372959979,0.4628679614160388,0.6810169624201403,0.6702478304405874,NA
GO_FEMALE_MATING_BEHAVIOR,8,1,0.7460739425670362,0.9999988372959979,0.012202232246290147,0.7546324939349905,0.9323161638178272,0.17601760189379181
GO_POSITIVE_REGULATION_OF_EPIDERMAL_GROWTH_FACTOR_ACTIVATED_RECEPTOR_ACTIVITY,7,0,0.7544841509527445,0.9999988372959979,0.04067385268224418,0.677056874168906,0.8853208366143622,NA
GO_POSITIVE_REGULATION_OF_PEPTIDYL_LYSINE_ACETYLATION,26,1,0.758073298645171,0.9999988372959979,0.030489207761851274,0.7618268066003238,0.8337169689715496,0.4700438789553376
GO_PRE_MIRNA_PROCESSING,11,0,0.7591342932433823,0.9999988372959979,0.1996770187951252,0.7985740918085745,0.680611747759961,NA
GO_NEUTROPHIL_APOPTOTIC_PROCESS,5,0,0.76334756770276,0.9999988372959979,0.15420853362675332,0.8272496189344745,0.6838508712158085,NA
GO_AP_TYPE_MEMBRANE_COAT_ADAPTOR_COMPLEX,41,0,0.7639740748175561,0.9999988372959979,0.6843340412567198,0.9810582566991988,0.07301508557512346,NA
GO_POSITIVE_REGULATION_OF_HEART_RATE,17,0,0.7695620060977739,0.9999988372959979,0.6886614025260287,0.9065772064600129,0.22135617967877694,NA
GO_REGULATION_OF_POSTSYNAPTIC_MEMBRANE_ORGANIZATION,13,0,0.7724830485281463,0.9999988372959979,0.03439672084705413,0.8175333709067564,0.6909366138626527,NA
GO_POSITIVE_REGULATION_OF_TROPHOBLAST_CELL_MIGRATION,6,0,0.7737030075530259,0.9999988372959979,0.014642655504623577,0.6918895834860486,0.8702674683806759,NA
GO_NEURON_PROJECTION_EXTENSION,158,3,0.7762765014760233,0.9999988372959979,0.0595029525155332,0.7757537402481752,0.08173402573944456,0.7729014328882817
GO_SODIUM_CHANNEL_COMPLEX,14,0,0.7788897320634361,0.9999988372959979,0.019109477711108575,0.6959596739952773,0.9775988865273572,NA
GO_SMAD_BINDING,76,4,0.7805514804812446,0.9999988372959979,0.03299007970009169,0.775533754936747,0.8230531636091352,0.38496243213740355
GO_RESPONSE_TO_WATER_DEPRIVATION,7,0,0.7817303602400407,0.9999988372959979,0.0543299694045225,0.7598393555106399,0.6982017690253671,NA
GO_PROTON_TRANSPORTING_TWO_SECTOR_ATPASE_COMPLEX_ASSEMBLY,11,0,0.7817997909462707,0.9999988372959979,0.32906099576407255,0.8499859999164546,0.6982566883433243,NA
GO_CELLULAR_RESPONSE_TO_VITAMIN,23,0,0.7837636478494013,0.9999988372959979,0.13034744611920074,0.85725342979058206,0.6998124524167642,NA
GO_HEART_VALVE_DEVELOPMENT,50,2,0.7904870232906976,0.9999988372959979,0.030777710938962748,0.7817030167886986,0.8731385922936828,0.3792088002491284
GO_S_ADENOSYL_L_METHIONINE_BINDING,8,0,0.7945433826938942,0.9999988372959979,0.7084365024694701,0.9596366446189635,0.5753249475890986,NA
GO_POST_EMBRYONIC_EYE_MORPHOGENESIS,2,0,0.7949127748819987,0.9999988372959979,0.04914390948144427,0.7087346513075083,0.8678591571992588,NA
GO_INTERLEUKIN_1_ALPHA_PRODUCTION,4,0,0.795858803169376,0.9999988372959979,0.314641561194864,0.7358618171902207,0.7094990441342734,NA
GO_BILE_ACID_METABOLIC_PROCESS,34,1,0.799059926578239,0.9999988372959979,0.6606264277800904,0.8962672768666493,0.7870885615566466,0.49158085563945175
GO_VCP_NPL4_UFD1_AAA_ATPASE_COMPLEX,9,0,0.8028056621467118,0.9999988372959979,0.07730086679340506,0.846596834184659,0.7151492175817695,NA
GO_NEGATIVE_REGULATION_OF_PHOSPHOLIPID_BIOSYNTHETIC_PROCESS,4,0,0.8053564499840692,0.9999988372959979,0.7172407882442882,0.8156922804765141,0.5356342631611405,NA
GO_REGULATION_OF_GONADOTROPIN_SECRETION,10,0,0.8101286231707172,0.9999988372959979,0.7025624811469964,0.8257435499055452,0.7211792842176554,NA
GO_POSITIVE_REGULATION_OF_NON_CANONICAL_WNT_SIGNALING_PATHWAY,10,0,0.8108708756955114,0.9999988372959979,0.02970257687597842,0.7217949239199652,0.9721532424696225,NA
GO_POSITIVE_REGULATION_OF_VOLTAGE_GATED_POTASSIUM_CHANNEL_ACTIVITY,10,0,0.8132831326943843,0.9999988372959979,0.03226132722592205,0.7238015200248604,0.7527143431607018,NA
GO_RESPONSE_TO_IRON_ION,25,0,0.8140913769761903,0.9999988372959979,0.6382563336524172,0.8234994508837388,0.7244758600324819,NA
GO_REGULATION_OF_NON_CANONICAL_WNT_SIGNALING_PATHWAY,20,0,0.8212495036216488,0.9999988372959979,0.041659810344796905,0.7304936920448488,0.944626255113425,NA
GO_MAST_CELL_DIFFERENTIATION,5,0,0.8224151890281545,0.9999988372959979,0.6029849210546956,0.9622766190039145,0.7314816718406283,NA
GO_MEIOTIC_CELL_CYCLE_PHASE_TRANSITION,2,0,0.8244372419663604,0.9999988372959979,0.15330320688041582,0.7345691943158283,0.7332009531374106,NA
GO_PEPTIDYL_THREONINE_MODIFICATION,105,3,0.8280238935677207,0.9999988372959979,0.17775124145511148,0.9190804001172918,0.6337353458029417,0.8057872972599889
GO_ALPHA_GLUCOSIDASE_ACTIVITY,4,1,0.8302347499667785,0.9999988372959979,0.7172396851712086,0.9619095101531676,0.8072512023677395,0.13066125059601646
GO_NEGATIVE_REGULATION_OF_CELL_CELL_ADHESION_MEDIATED_BY_CADHERIN,4,0,0.8314821654092843,0.9999988372959979,0.3952323739112614,0.7392472111842763,0.9810882479906263,NA
GO_REGULATION_OF_PROTEIN_TARGETING,72,2,0.8369740513730183,0.9999988372959979,0.8117501834476417,0.8601185545666797,0.6432617665571019,0.7426670320762678
GO_REGULATION_OF_ATPASE_ACTIVITY,64,0,0.8381784045195702,0.9999988372959979,0.24685108497630326,0.7450795401331112,0.8271770556262288,NA
GO_PHOSPHATIDYLGLYCEROL_ACYL_CHAIN_REMODELING,6,0,0.8384808676855804,0.9999988372959979,0.3468216844231191,0.7453450390613745,0.8939871449305412,NA
GO_IRE1_MEDIATED_UNFOLDED_PROTEIN_RESPONSE,52,0,0.8394365009083278,0.9999988372959979,0.7461850846538935,0.9462470692594858,0.4846724970392639,NA
GO_SYMPATHETIC_NERVOUS_SYSTEM_DEVELOPMENT,20,0,0.8437372344848129,0.9999988372959979,0.7499886530470578,0.9074992158282047,0.07288736965081563,NA
GO_CARDIAC_MUSCLE_TISSUE_REGENERATION,3,0,0.8450659783931833,0.9999988372959979,0.03675577855283598,0.9046148594456277,0.7511715915998353,NA
GO_VENTRICULAR_CARDIAC_MUSCLE_CELL_ACTION_POTENTIAL,23,0,0.8461638673137203,0.9999988372959979,0.038759699255199835,0.7521518515015047,0.984745064898481,NA
GO_NEGATIVE_REGULATION_OF_STEM_CELL_POPULATION_MAINTENANCE,5,0,0.8518566757061274,0.9999988372959979,0.6289339510049121,0.7572772298613071,0.917765015088095,NA
GO_NUCLEOSIDE_CATABOLIC_PROCESS,16,0,0.8536510192471908,0.9999988372959979,0.7216956766634142,0.8634911273156611,0.7589079650999155,NA
GO_NEGATIVE_REGULATION_OF_SMOOTH_MUSCLE_CELL_MIGRATION,19,0,0.860964089522372,0.9999988372959979,0.6387910118752143,0.9513442109552012,0.7656341068537507,NA
GO_MODIFICATION_OF_MORPHOLOGY_OR_PHYSIOLOGY_OF_OTHER_ORGANISM,104,5,0.8635751088281594,0.9999988372959979,0.8301257883771895,0.9557044538061314,0.6625504516625024,0.32438569503472237
GO_FEAR_RESPONSE,35,1,0.8646598773629782,0.9999988372959979,0.14225220593648813,0.8308990491260914,0.8827807058509574,0.6186036668700037
GO_POSITIVE_REGULATION_OF_EPITHELIAL_CELL_MIGRATION,120,2,0.8663957721997334,0.9999988372959979,0.1636763435372801,0.9108412737831589,0.7085703126907023,0.832140841661296
GO_REGULATION_OF_MYELOID_CELL_DIFFERENTIATION,192,8,0.8678744205723907,0.9999988372959979,0.7244920539130199,0.9091598222983838,0.8332029467370754,0.2889967940886881
GO_AXON,563,9,0.8691596974445176,0.9999988372959979,0.10312988905631992,0.8341294585417355,0.127803477428617,0.9924539419216224
GO_MEGAKARYOCYTE_DIFFERENTIATION,80,1,0.8695711101068765,0.9999988372959979,0.8344266900317072,0.8322814923209267,0.5801899120132415,0.9572080468737386
GO_NEGATIVE_REGULATION_OF_TROPHOBLAST_CELL_MIGRATION,2,0,0.8699121314214688,0.9999988372959979,0.7673618593842515,0.899871941900485,0.7740512448634276,NA
GO_PLASMA_MEMBRANE_RAFT,91,3,0.8700674255612707,0.9999988372959979,0.8347856897921431,0.9369827808483338,0.08451470901474452,0.3665840753678267
GO_REGULATION_OF_ERAD_PATHWAY,27,0,0.871470115449722,0.9999988372959979,0.5070311682210951,0.7755393986452392,0.7764466249069166,NA
GO_ODONTOGENESIS,78,1,0.8722621404489861,0.9999988372959979,0.18709014879158822,0.9360969314592749,0.8028485231179401,0.8363788924521842
GO_REGULATION_OF_CHROMATIN_BINDING,16,0,0.8781997908694775,0.9999988372959979,0.08467934616716889,0.8385190840037163,0.7820501841226343,NA
GO_PATCHED_BINDING,5,0,0.880155776310053,0.9999988372959979,0.7839688857784808,0.9271740581515289,0.7773483275426081,NA
GO_CARDIAC_MUSCLE_CELL_ACTION_POTENTIAL_INVOLVED_IN_CONTRACTION,38,0,0.880367950011495,0.9999988372959979,0.030058757602692065,0.7841777563859986,0.8868748879727549,NA
GO_CRANIAL_NERVE_MORPHOGENESIS,24,0,0.8807278900734576,0.9999988372959979,0.03213755171507674,0.784532428494087,0.9405220288781933,NA
GO_SUPEROXIDE_GENERATING_NADPH_OXIDASE_ACTIVATOR_ACTIVITY,6,0,0.8831286404794343,0.9999988372959979,0.1559904677147376,0.786908987341021,0.9505137912385073,NA
GO_AXO_DENDRITIC_TRANSPORT,62,0,0.8870354256435276,0.9999988372959979,0.0704524096650291,0.790818356470132,0.9161737289110871,NA
GO_NUCLEAR_STRESS_GRANULE,5,0,0.8870954979346839,0.9999988372959979,0.09154705918514712,0.790878886216362,0.8830526623186995,NA
GO_AP_2_ADAPTOR_COMPLEX_BINDING,7,0,0.8892490235405528,0.9999988372959979,0.07402071759673563,0.8845989366879125,0.7930574098798397,NA
GO_NUCLEOSOME_BINDING,64,3,0.8960152344266105,0.9999988372959979,0.8542954491000283,0.865077103960916,0.7767086850930959,0.2944007684954929
GO_NEGATIVE_REGULATION_OF_CELLULAR_AMIDE_METABOLIC_PROCESS,127,2,0.8982867287309236,0.9999988372959979,0.13428399751219317,0.8560827866697972,0.754647659637005,0.907478754700063
GO_POSITIVE_REGULATION_OF_ASPARTIC_TYPE_PEPTIDASE_ACTIVITY,9,0,0.8994851866559822,0.9999988372959979,0.17375724520140193,0.8036555603901651,0.9735534357685497,NA
GO_CELLULAR_MACROMOLECULE_LOCALIZATION,1611,57,0.9002313771521702,0.9999988372959979,0.8576247277213398,0.8715151922655996,4.896919837422261e-5,0.7219468378396602
GO_BETA_GALACTOSIDASE_ACTIVITY,4,0,0.9007478947895394,0.9999988372959979,0.8049927216504558,0.9436884509526953,0.7290685962135384,NA
GO_NUCLEOSIDE_TRIPHOSPHATE_CATABOLIC_PROCESS,8,0,0.9008566433312564,0.9999988372959979,0.6886801186965161,0.8051082069977287,0.9617031853466407,NA
GO_NEGATIVE_REGULATION_OF_INTERLEUKIN_1_BETA_PRODUCTION,7,0,0.9018040308720943,0.9999988372959979,0.7971435833639545,0.9346131405974876,0.8061164886515354,NA
GO_POSITIVE_REGULATION_OF_MITOTIC_CELL_CYCLE,115,2,0.9044782231915356,0.9999988372959979,0.1697416165160928,0.909886151652264,0.5615571280693716,0.8610316834579901
GO_CELLULAR_RESPONSE_TO_PROSTAGLANDIN_E_STIMULUS,10,0,0.9047779635770888,0.9999988372959979,0.8600782669122511,0.8093078341216874,0.7217930538212449,NA
GO_CATSPER_COMPLEX,1,0,0.9051364327658578,0.9999988372959979,0.2646216620102915,0.809695262549273,0.8419945508454203,NA
GO_REGULATION_OF_PLATELET_AGGREGATION,15,1,0.9064788725830133,0.9999988372959979,0.7417627187595783,0.9969770392706367,0.8626563497727529,0.3680655166901547
GO_COLLECTING_DUCT_DEVELOPMENT,10,0,0.9067369531046532,0.9999988372959979,0.8647464866047582,0.8114325057822217,0.47355499587292854,NA
GO_POSITIVE_REGULATION_OF_PROTEIN_LOCALIZATION_TO_MEMBRANE,97,2,0.906933997856803,0.9999988372959979,0.8630277705696154,0.9174925453800149,0.1936834094368341,0.7889681885697972
GO_ACTIN_DEPENDENT_ATPASE_ACTIVITY,10,0,0.907788755340078,0.9999988372959979,0.14569464512253422,0.812580873960759,0.9427501111134627,NA
GO_AGGRESOME_ASSEMBLY,5,0,0.911668343655652,0.9999988372959979,0.8168644521100514,0.9659137760110005,0.06262206780288235,NA
GO_REGULATION_OF_ALDOSTERONE_METABOLIC_PROCESS,4,0,0.9143907895269103,0.9999988372959979,0.08033752561765524,0.8199173471570084,0.9794185797457017,NA
GO_HEPARAN_SULFATE_SULFOTRANSFERASE_ACTIVITY,11,0,0.9153309388207002,0.9999988372959979,0.05954101066327377,0.8209810168309315,0.9894493588165097,NA
GO_NEGATIVE_REGULATION_OF_DENDRITE_MORPHOGENESIS,16,0,0.9161151510092356,0.9999988372959979,0.16702659548705176,0.9027522950594307,0.8218720561788131,NA
GO_GTP_RHO_BINDING,19,0,0.9179980908530961,0.9999988372959979,0.21680190067341135,0.8734162682724838,0.8240259039395574,NA
GO_EMBRYO_DEVELOPMENT_ENDING_IN_BIRTH_OR_EGG_HATCHING,517,12,0.9217207101818798,0.9999988372959979,0.17707574258270975,0.875504134377717,0.6765035836709256,0.9203711967542747
GO_DOPAMINERGIC_NEURON_DIFFERENTIATION,30,0,0.9255458845676718,0.9999988372959979,0.05202251488327196,0.8328777815423758,0.8707863116759796,NA
GO_IMMATURE_B_CELL_DIFFERENTIATION,8,0,0.9267766298644554,0.9999988372959979,0.8343566940730143,0.9230183538371963,0.20874213836477987,NA
GO_MATERNAL_PROCESS_INVOLVED_IN_FEMALE_PREGNANCY,45,2,0.927800647658139,0.9999988372959979,0.9261635606606823,0.88089805886377,0.380685174246899,0.4787421352845399
GO_RESPONSE_TO_FLUID_SHEAR_STRESS,23,0,0.933230676407476,0.9999988372959979,0.3590628694996846,0.9989092470701443,0.8422934408112852,NA
GO_PHOSPHATIDYLINOSITOL_PHOSPHATE_BINDING,128,0,0.9334341864743598,0.9999988372959979,0.12582172270647413,0.842548950620897,0.9972041692213366,NA
GO_CELL_SURFACE_RECEPTOR_SIGNALING_PATHWAY_INVOLVED_IN_CELL_CELL_SIGNALING,522,12,0.9337721911352994,0.9999988372959979,0.5126690212065641,0.9767030609876475,3.117595710188303e-5,0.8863752954324678
GO_BRANCH_ELONGATION_INVOLVED_IN_MAMMARY_GLAND_DUCT_BRANCHING,4,0,0.9339484583751134,0.9999988372959979,0.9970131630135868,0.8431961344692647,0.46478571567653876,NA
GO_HISTONE_THREONINE_PHOSPHORYLATION,4,0,0.9350986739049693,0.9999988372959979,0.6320484381363014,0.8446515558261453,0.8831377063333813,NA
GO_CHLORIDE_CHANNEL_INHIBITOR_ACTIVITY,7,0,0.9351066490208486,0.9999988372959979,0.053800402257934,0.8701394698878052,0.8446616859046997,NA
GO_RESPONSE_TO_STARVATION,156,7,0.9351194130741249,0.9999988372959979,0.9915825482231906,0.8876381476974619,0.018392472849206747,0.09758892219727458
GO_MYOSIN_FILAMENT,13,0,0.9354448158489495,0.9999988372959979,0.9701029774540076,0.8450917264960942,0.6658422702172568,NA
GO_POSITIVE_REGULATION_OF_SECRETION,281,8,0.9377464705631635,0.9999988372959979,0.897425140102602,0.89013175820494,0.022274325908558032,0.4918994838327904
GO_REGULATION_OF_PEPTIDE_SECRETION,310,13,0.93844738283601,0.9999988372959979,0.94590880841785,0.890804278098456,0.006839222663960633,0.08853462752430463
GO_REGULATION_OF_IMMUNOGLOBULIN_PRODUCTION,40,3,0.9397859769149204,0.9999988372959979,0.8920974242089912,0.9421500731576652,0.44396153759542417,0.07956678296478413
GO_PIGMENT_GRANULE_ORGANIZATION,24,0,0.9414008855043883,0.9999988372959979,0.7536688767754959,0.8702681876542069,0.8528337175416467,NA
GO_MHC_PROTEIN_COMPLEX_ASSEMBLY,2,0,0.941748755243478,0.9999988372959979,0.6299515582100264,0.938463379804495,0.8532962668784749,NA
GO_FAT_PAD_DEVELOPMENT,5,0,0.9468282100107193,0.9999988372959979,0.3656504461232041,0.8601942019497034,0.9459509467321807,NA
GO_SENSORY_PERCEPTION_OF_UMAMI_TASTE,4,0,0.9470388634780031,0.9999988372959979,0.5874669864393673,0.9501219297861312,0.8604863991276749,NA
GO_MDA_5_SIGNALING_PATHWAY,7,0,0.9474696994191638,0.9999988372959979,0.15948741932053748,0.9728504309684021,0.861085614152203,NA
GO_MUSCLE_CELL_APOPTOTIC_PROCESS,54,1,0.9477266260838679,0.9999988372959979,0.3223339231608296,0.9117341672791573,0.9000273960093147,0.6766671287644833
GO_APICAL_PLASMA_MEMBRANE,184,3,0.9500960969003026,0.9999988372959979,0.5341126193935325,0.9721831454133711,0.042103370324702016,0.9024893267664208
GO_REGULATION_OF_ESTABLISHMENT_OF_PROTEIN_LOCALIZATION,540,20,0.9501325550712171,0.9999988372959979,0.9229390548172041,0.9025275866924756,6.634651838746367e-4,0.32019287336352414
GO_REGULATION_OF_T_HELPER_17_CELL_LINEAGE_COMMITMENT,3,0,0.950283203183568,0.9999988372959979,0.7531478661278572,0.8650534638460458,0.9156803526242756,NA
GO_ANTIGEN_PROCESSING_AND_PRESENTATION_OF_PEPTIDE_ANTIGEN_VIA_MHC_CLASS_IB,5,0,0.9511039452054497,0.9999988372959979,0.8732278599613801,0.8662295867386045,0.12241798890294948,NA
GO_PHOSPHATIDYLINOSITOL_3_KINASE_COMPLEX,23,0,0.9514404547668831,0.9999988372959979,0.8038763548877171,0.9529622772256856,0.8667143383388589,NA
GO_MESENCHYMAL_STEM_CELL_MAINTENANCE_INVOLVED_IN_NEPHRON_MORPHOGENESIS,3,0,0.9515522603409066,0.9999988372959979,0.09446552720731392,0.8668757278776356,0.9862742406713857,NA
GO_EAR_DEVELOPMENT,179,3,0.9522671494769142,0.9999988372959979,0.3478731047591007,0.9801218172307467,0.9047886604520495,0.8590725458836934
GO_MITOTIC_DNA_REPLICATION,9,0,0.9530888760443226,0.9999988372959979,0.9465415213568527,0.8691108601578418,0.8061961626755966,NA
GO_POSITIVE_REGULATION_OF_RESPONSE_TO_BIOTIC_STIMULUS,25,1,0.9540285440047807,0.9999988372959979,0.9066868323498439,0.9744664081345249,0.28534637042210487,0.5956373377876858
GO_DOPAMINE_BINDING,7,0,0.9545915555429072,0.9999988372959979,0.6517521223253526,0.964905278340288,0.8713284379172229,NA
GO_MUSCLE_ORGAN_DEVELOPMENT,305,7,0.9556430180510822,0.9999988372959979,0.1911721150225783,0.9084540121664171,0.9759129544007309,0.7640373756931542
GO_REGULATION_OF_CHROMOSOME_SEGREGATION,74,1,0.955923961429106,0.9999988372959979,0.9042546801093729,0.9087643114335675,0.40568771323082675,0.9166417691247566
GO_LUNG_GROWTH,3,0,0.9594683226659736,0.9999988372959979,0.047100828030747166,0.8905096832511696,0.8787623286731112,NA
GO_MICROTUBULE_NUCLEATION_BY_MICROTUBULE_ORGANIZING_CENTER,8,0,0.9606456969176981,0.9999988372959979,0.8249069017578782,0.9097506160408119,0.8806164200221789,NA
GO_POSITIVE_REGULATION_OF_NEURON_DIFFERENTIATION,316,5,0.962955169198826,0.9999988372959979,0.04082592231256844,0.7564299417450977,0.9503316943729025,0.916829698268087
GO_CALCIUM_DEPENDENT_PROTEIN_KINASE_ACTIVITY,10,0,0.963362061727628,0.9999988372959979,0.4352101530787186,0.9879008066789765,0.8849923227115045,NA
GO_NEGATIVE_REGULATION_OF_PROTEIN_LOCALIZATION_TO_MICROTUBULE,5,0,0.9637026502951127,0.9999988372959979,0.8190135737813647,0.8855512200255551,0.99128307394996,NA
GO_EXTRINSIC_COMPONENT_OF_EXTERNAL_SIDE_OF_PLASMA_MEMBRANE,4,0,0.9644152640920514,0.9999988372959979,0.040722714794730296,0.8867283631219138,0.9639971182117335,NA
GO_EPHRIN_RECEPTOR_SIGNALING_PATHWAY,81,2,0.967436630331918,0.9999988372959979,0.9802152284868353,0.9223213575650198,0.0012224076729589319,0.6843960252373766
GO_REGULATION_OF_LYMPHOCYTE_MIGRATION,29,0,0.9679916079188752,0.9999988372959979,0.9275296815826207,0.8928057074542171,0.6741000529380625,NA
GO_REGULATION_OF_CELL_ACTIVATION,329,10,0.9691182224777304,0.9999988372959979,0.9720753783172504,0.9244667528256469,0.09825180702639098,0.3723505118751985
GO_NEGATIVE_REGULATION_OF_TRANSFERASE_ACTIVITY,224,11,0.9698218767620279,0.9999988372959979,0.9253797344482991,0.9555854483078733,0.003472222222222222,0.07653872963822733
GO_RAB_GUANYL_NUCLEOTIDE_EXCHANGE_FACTOR_ACTIVITY,32,0,0.9701921253794301,0.9999988372959979,0.934172712765623,0.8967003409757955,0.29019807909855155,NA
GO_MATURE_B_CELL_DIFFERENTIATION,15,0,0.9705385110148281,0.9999988372959979,0.35030376946295494,0.8973252645317968,0.9250460128460354,NA
GO_AMINOACYLASE_ACTIVITY,5,0,0.9748925757998297,0.9999988372959979,0.5474523389749629,0.9462345095649767,0.9054912522357682,NA
GO_REGULATION_OF_TRANSLATIONAL_INITIATION_IN_RESPONSE_TO_STRESS,16,1,0.9765263086267234,0.9999988372959979,0.5346699158041692,0.9559337053234194,0.9346092503987241,0.36023463413053997
GO_RNA_7_METHYLGUANOSINE_CAP_BINDING,9,0,0.9766963649849627,0.9999988372959979,0.32914321484345505,0.9703762201246947,0.9090649454503913,NA
GO_REGULATION_OF_MYOFIBROBLAST_DIFFERENTIATION,4,0,0.979718692031623,0.9999988372959979,0.9256527699497852,0.9153552047263382,0.7493165046148786,NA
GO_CHONDROITIN_SULFATE_PROTEOGLYCAN_BIOSYNTHETIC_PROCESS,29,0,0.9805710861713766,0.9999988372959979,0.9465283233185875,0.9172071965090698,0.1367566613728604,NA
GO_APOLIPOPROTEIN_RECEPTOR_BINDING,5,0,0.9810890509076877,0.9999988372959979,0.9183512061068975,0.8587734219698243,0.955880841265599,NA
GO_GOLGI_TRANSPORT_COMPLEX,13,0,0.9838061778696642,0.9999988372959979,0.36046907539211703,0.9952680460933927,0.9246103660746647,NA
GO_HISTONE_SERINE_PHOSPHORYLATION,7,0,0.9869454640048491,0.9999988372959979,0.9423083583667242,0.9324976705892957,0.5075725967957276,NA
GO_REGULATION_OF_LOCOMOTION_INVOLVED_IN_LOCOMOTORY_BEHAVIOR,5,0,0.9874102900735653,0.9999988372959979,0.7796529748453055,0.9604933300730484,0.933739026746983,NA
GO_REGULATION_OF_HEXOKINASE_ACTIVITY,9,0,0.9878378596526789,0.9999988372959979,0.6204746040284361,0.9981831464096513,0.9349002758998336,NA
GO_REGULATION_OF_ER_TO_GOLGI_VESICLE_MEDIATED_TRANSPORT,15,0,0.9881945983110778,0.9999988372959979,0.977193550749411,0.9358841074710245,0.36867995551373084,NA
GO_ALPHA_BETA_T_CELL_LINEAGE_COMMITMENT,12,0,0.9893362995889113,0.9999988372959979,0.7458796836555577,0.9391320539985273,0.991815998129371,NA
GO_POSITIVE_REGULATION_OF_TRANSPORTER_ACTIVITY,84,0,0.9914520299000705,0.9999988372959979,0.5656975561251005,0.9456263520202848,0.9565227625817994,NA
GO_EIF2ALPHA_PHOSPHORYLATION_IN_RESPONSE_TO_ENDOPLASMIC_RETICULUM_STRESS,5,0,0.9917836870911549,0.9999988372959979,0.9670798506095786,0.9226295694900734,0.9467116218827738,NA
KEGG_LEISHMANIA_INFECTION,41,0,0.9965027681813838,0.9976691541975933,0.17352649757657304,0.9799421355681374,0.9654569500795768,NA
GO_MONOCYTE_CHEMOTACTIC_PROTEIN_1_PRODUCTION,5,0,0.9968902113757976,0.9999988372959979,0.34260040933247915,0.9729483843033473,0.9674486518057043,NA
GO_PHAGOLYSOSOME,5,0,0.9970819144001475,0.9999988372959979,0.6689326515329408,0.9684789883508049,0.9842110386449917,NA
GO_REGULATION_OF_WNT_SIGNALING_PATHWAY_INVOLVED_IN_HEART_DEVELOPMENT,2,0,0.9982514010388486,0.9999988372959979,0.5446489602666496,0.9756590741246085,0.9838165210484512,NA
